Structure,Formula,MolWeight,Substance_Name,CAS,ACX_ID
FC(F)(F)Cl,CClF3,104.4589096,Chlorotrifluoromethane,75-72-9,X1000009-4
FC(Cl)(Cl)C(Cl)(Cl)F,C2Cl4F2,203.8302064,"1,1,2,2-Tetrachlorodifluoroethane",76-12-0,X1000011-4
ClC(Cl)(Cl)Cl,CCl4,153.8227,"CARBON TETRACHLORIDE",56-23-5,X1000019-0
BrC([H])([H])[H],CH3Br,94.93852,BROMOMETHANE,74-83-9,X1000021-0
BrC([H])([H])F,CH2BrF,112.9289832,bromofluoromethane,373-52-4,X1000029-6
ClCCCl,C2H4Cl2,98.95916,"1,2-DICHLOROETHANE",107-06-2,X1000031-6
[H]C(Cl)=C(Cl)Cl,C2HCl3,131.38834,TRICHLOROETHENE,79-01-6,X1000039-2
BrCCC,C3H7Br,122.99168,1-BROMOPROPANE,106-94-5,X1000041-2
[O-]S([O-])(=O)=O.[Cs+].[Cs+],Cs2O4S,361.8735,"Cesium sulfate",10294-54-9,X1000049-8
[H][Al-]([H])([H])[H].[Li+],AlH4Li,37.954298,"Lithium aluminum hydride",16853-85-3,X1000051-8
O=BOB(OB(OB=O)[O-])[O-].[Li+].[Li+],B4Li2O7,169.1218,"LITHIUM TETRABORATE",12007-60-2,X1000059-4
O=C([O-])O.[K+],CHKO3,100.11514,"POTASSIUM HYDROGEN CARBONATE",298-14-6,X1000061-4
[O-]C#N.[K+],CKNO,81.1151,"POTASSIUM CYANATE",3327-22-8,X1027186-0
[O-][Cr](O[Cr]([O-])(=O)=O)(=O)=O.[K+].[K+],Cr2K2O7,294.1846,"POTASSIUM DICHROMATE &1/60 MOL/L",7778-50-9,X1000071-0
O=[N+]([O-])[O-].[K+],KNO3,101.1032,"POTASSIUM NITRATE",7757-79-1,X1000080-9
O=Cl(=O)([O-])=O.[K+],ClKO4,138.5489,"Potassium perchlorate",7778-74-7,X1000082-3
OC(C(O)=O)=O.OC(C([O-])=O)=O.[K+],C4H3KO8,218.16012,"POTASSIUM TETRAOXALATE DIHYDRATE",6100-20-5,X1000090-5
[O-]S(=O)(O)=O.[Na+],HNaO4S,120.06031,"SODIUM HYDROGEN SULFATE GRANULAR",7681-38-1,X1000100-6
O=BOB(OB(OB=O)[O-])[O-].[H]O[H].[H]O[H].[H]O[H].[H]O[H].[H]O[H].[H]O[H].[H]O[H].[H]O[H].[H]O[H].[H]O[H].[Na+].[Na+],B4H20Na2O17,381.37214,"Sodium borate Decahydrate",1303-96-4,X1000102-0
O=I([O-])=O.[Na+],INaO3,197.89244,"Sodium iodate",7681-55-2,X1000121-5
[O-]S(S([O-])=O)(=O)=O.[Na+].[Na+],Na2O5S2,190.10654,"Sodium metabisulfite",7681-57-4,X1000123-9
O=B([O-])=O.[H]O[H].[H]O[H].[H]O[H].[H]O[H].[Na+],BH8NaO7,153.86009,"SODIUM PERBORATE TETRAHYDRATE",10486-00-7,X1000131-1
O=P([O-])([O-])O.[Na+].[Na+],HNa2O4P,141.958841,"DI-SODIUM HYDROGEN PHOSPHATE",7558-79-4,X1000133-5
O=[Sn]([O-])[O-].[Na+].[Na+],Na2O3Sn,212.68774,"SODIUM STANNATE",12058-66-1,X1000141-7
O=S([O-])([O-])=O.[H]O[H].[H]O[H].[H]O[H].[H]O[H].[H]O[H].[H]O[H].[H]O[H].[H]O[H].[H]O[H].[H]O[H].[Na+].[Na+],H20Na2O14S,322.19494,"Sodium sulfate Decahydrate",7727-73-3,X1000143-1
O=C([O-])[O-].[Ba+2],CBaO3,197.3359,"Barium carbonate",513-77-9,X1000153-7
[Ba]=O,BaO,153.3264,"BARIUM OXIDE",1304-28-5,X1000161-9
O=S([O-])([O-])=O.[Ba+2],BaO4S,233.3896,"BARIUM SULFATE",7727-43-7,X1000163-3
[H]O[H].[H]O[H].[Cl-].[Ca+2].[Cl-],CaCl2H4O2,147.01456,"Calcium chloride Dihydrate",10035-04-8,X1000171-5
OC[C@@H](O)[C@@H](O)[C@H](O)[C@@H](O)C([O-])=O.OC[C@@H](O)[C@@H](O)[C@H](O)[C@@H](O)C([O-])=O.[Ca+2],C12H22CaO14,430.37268,"D-Galactonic acid Hemicalcium Salt",299-28-5,X1000173-9
[O-]C(C)=O.O=C(C)[O-].[Mg+2],C4H6MgO4,142.39304,"MAGNESIUM ACETATE SOLUTION",142-72-3,X1000191-7
[H]O[H].[H]O[H].[H]O[H].[H]O[H].[H]O[H].[H]O[H].[Cl-].[Mg+2].[Cl-],Cl2H12MgO6,203.30268,"Magnesium chloride Hexahydrate",7791-18-6,X1000193-1
[Mg]=O.[Mg]=O.O=[Si]=O.O=[Si]=O.O=[Si]=O,Mg2O8Si3,260.8617,"Magnesium Trisilicate",14987-04-3,X1019375-2
[H]O[H].[H]O[H].[H]O[H].[H]O[H].[H]O[H].[H]O[H].[Sr+2].[Br-].[Br-],Br2H12O6Sr,355.51968,"STRONTIUM BROMIDE HEXAHYDRATE",7789-53-9,X1000202-5
O[Al](O)O,AlH3O3,78.003558,"ALUMINUM HYDROXIDE",1330-44-5,X1009934-8
[O-2].[O-2].[O-2].[Al+3].[Al+3],Al2O3,101.961276,"ALUMINIUM OXIDE LIGHT  CHEM.",1344-28-1,X1000214-5
[Cl-].[In+3].[Cl-].[Cl-],Cl3In,221.177,"INDIUM(III) CHLORIDE HYDRATE",10025-82-8,X1000222-7
[C],C,12.0107,"CHARCOAL ACTIVATED",7440-44-0,X1000225-8
O=[N+]([O-])[O-].O=[N+]([O-])[O-].[Pb+2],N2O6Pb,331.2098,"LEAD(II) NITRATE",10099-74-8,X1000233-0
[Pb]1(O2)O[Pb]O[Pb]2O1,O4Pb3,685.5976,"LEAD(II,IV) OXIDE",1314-41-6,X1000235-4
[H]O[H].[H]O[H].[Cl-].[Sn+2].[Cl-],Cl2H4O2Sn,225.64656,"Stannous chloride Dihydrate",10025-69-1,X1000243-6
[Sn],Sn,118.71,TIN,7440-31-5,X1000245-0
NC(N(C)CC[C@H](N)CC(N[C@H]1C=C[C@H](N2C=CC(N)=NC2=O)O[C@@H]1C(O)=O)=O)=N,C17H26N8O5,422.43894,"BLASTICIDIN S Hydrochloride",2079-00-7,X1000255-6
O=C(\C=C1CC(/C=C/C(C)(C)[C@](OC(C/C2=C\C(OC)=O)C[C@H]([C@@H](C)O)OC(C3)=O)([C@H]2OC(/C=C/C=C/CCC)=O)O)OC(C[C@@]4(OC(C[C@H]3O)C[C@H](OC(C)=O)C(C)4C)O)C/1)OC,C47H68O17,905.03262,"BRYOSTATIN 1",83314-01-6,X1000355-1
O=C(O)[C@@H](N)CCCNC(N)=N,C6H14N4O2,174.20096,"L-Arginine Free Base",74-79-3,X1000363-3
SC[C@H](N)C(O)=O,C3H7NO2S,121.15818,"D-Cysteine Free Base",52-90-4,X1000365-7
NC(CC1=CC=CC=C1)C(O)=O,C9H11NO2,165.18914,"L-Phenylalanine-UL-14C Hydrochloride",150-30-1,X1000373-9
OC([C@@H]1NCCC1)=O,C5H9NO2,115.13046,L-Proline-[4-3H(N)],344-25-2,X1000375-3
CC(C1)CCC(C1=O)=C(C)C,C10H16O,152.23344,R(+)-PULEGONE,89-82-7,X1000385-9
CC(CC(C=C1)=CC=C1C(C)C(O)=O)C,C13H18O2,206.28082,"Ibuprofen Free acid",15687-27-1,X1000393-1
CC(OCC1=CC=CC=C1)=O,C9H10O2,150.1745,"BENZYL ACETATE",140-11-4,X1000403-2
OC1=C2C=CC=CC2=C([N+]([O-])=O)C=C1[N+]([O-])=O,C10H6N2O5,234.16504,"2,4-DINITRO-1-NAPHTHOL",605-69-6,X1000405-6
[H]C(C([C@@]12C([H])=O)=CC(C([C@@](C2)1C)C3)CC3(C)C)=O,C15H20O2,232.3181,Isovelleral,37841-91-1,X1000484-7
O=C([C@@H]([C@@H](/C(C)=C/[C@H](C(C[C@H](OC1=O)[C@@H](C[C@@]2(CC[C@H]([C@@H](C2)OC)O)[H])C)=O)C)O)OC)[C@H](C)C[C@H](C)/C=C/C=C/C=C(C)/[C@H](C[C@]3(O[C@]([C@@H](CC3)C)(C(C(N4[C@]([H])1CCCC4)=O)=O)O)[H])OC,C51H79NO13,914.17186,Rapamycin,53123-88-9,X1000584-2
CC[C@H](C1OC([C@@H](C)CC1)[C@@H](C)[C@H](O)[C@H](C)C([C@H](CC)C2O[C@@]3([C@H](C)C[C@@H]2C)C=C[C@@H](O)[C@@]4(O[C@@](C5O[C@@H](C)[C@@](O)(CC)CC5)(C)CC4)O3)=O)C(O)=O,C42H70O11,750.9986,Salinomycin,53003-10-4,X1000586-6
O[C@@H](C1)C(/C(C[C@H]1O)=C\C=C2CCC[C@@]3([C@H](CC[C@]3\2[H])[C@@H](CCCC(C)(O)C)C)C)=C,C27H44O3,416.63646,"1.alpha.,25-Dihydroxycholecalciferol",32222-06-3,X1000636-1
CC1(C)[C@]2(O)[C@@H](OCC3=CC=CC=C3)C4[C@@](C([C@H](O)C1=C(C)[C@@H](OC(C)=O)C2)=O)(C)[C@@H](O)C[C@@H]5[C@@]4(OC(C)=O)CO5,C31H40O10,572.6433,"Baccatin III",27548-93-2,X1000646-7
N[C@H](C(O)=O)CCC1=CC=CC=C1,C10H13NO2,179.21572,L-HOMOPHENYLALANINE*,943-73-7,X1000664-5
O[C@H]1CCC(/C(C1)=C\C=C2CCC[C@@]3([C@H](CC[C@]3\2[H])[C@@H](CCCC(C)(O)C)C)C)=C,C27H44O2,400.63706,25-Hydroxycholecalciferol,19356-17-3,X1000666-9
C[C@H](C(C)C)/C=C/[C@@H](C)[C@H]1CCC([C@]1(C)CCC/2)C2=C\C=C(C[C@@H](O)CC3)/C3=C,C28H44O,396.64836,Ergocalciferol,50-14-6,X1000706-8
C/C=C/C/C=C/CCC([C@]([C@@]1(C(N)=O)[H])(O1)[H])=O,C12H17NO3,223.26828,Cerulenin,17397-89-6,X1000736-6
C[C@@H](C(O)=O)[C@@]1([H])CC[C@H](C)[C@@](/C(CC)=C/C=C/[C@H]2[C@@H](C(C3=CC=CN3)=O)[C@@]4([H])[C@@]([H])([C@@H](CC)CC4)C=C2)([H])O1,C31H43NO4,493.67742,Indanomycin,66513-28-8,X1009740-6
OC(O1)C[C@H](O)[C@H](C/C=C\CCCC(O)=O)[C@H]1/C=C/[C@@H](O)CCCCC,C20H34O6,370.48036,"Thromboxane B2",54397-85-2,X1000845-0
[O-]C(C)(C)C.[K+],C4H9KO,112.21196,"POTASSIUM TERT-BUTOXIDE SOLUTION",865-47-4,X1000867-6
ClC(C(Cl)=O)=O,C2Cl2O2,126.9262,"Oxalyl chloride",79-37-8,X1000875-8
CCCCNCCCC,C8H19N,129.24316,DI-N-BUTYLAMINE,111-92-2,X1000877-2
CC1=CC=C(C(O)=O)C=C1,C8H8O2,136.14792,"P-TOLUIC ACID",99-94-5,X1000885-4
ClC(C1=CC=CC=C1)=O,C7H5ClO,140.567,"BENZOYL CHLORIDE",98-88-4,X1000887-8
OC(C1=CC(Cl)=CC=C1)=O,C7H5ClO2,156.5664,"3-Chlorobenzoic acid",535-80-8,X1000895-0
ClC(Cl)(Cl)C(O)(O)[H],C2H3Cl3O2,165.40302,"Chloral hydrate",302-17-0,X1000897-4
ICC(O)=O,C2H3IO2,185.94849,"Iodoacetic acid Free Acid",64-69-7,X1000905-1
OC(C(O)C(O)C([O-])=O)=O.[K+],C4H5KO6,188.1772,"POTASSIUM HYDROGEN TARTRATE",868-14-4,X1000907-5
OC1=C([N+]([O-])=O)C=C([N+]([O-])=O)C=C1[N+]([O-])=O,C6H3N3O7,229.10392,"PICRIC ACID SOLUTION 1",88-89-1,X1000915-7
CCCCCCCCCCCCCCCC(O)=O,C16H32O2,256.42408,"PALMITIC ACID",408-35-5,X1007572-0
C1COCCO1,C4H8O2,88.10512,"1,4-DIOXAN",123-91-1,X1000925-3
NCCCCCCN,C6H16N2,116.20464,"1,6-Hexanediamine",124-09-4,X1000935-9
OC(C(CC(O)=O)=O)=O,C4H4O5,132.07156,"Oxalacetic acid  Hybri-Max.RTM.",328-42-7,X1000945-5
[O-]C(C([O-])=O)=O.[Na+].[Na+],C2Na2O4,133.99854,"SODIUM OXALATE 0,05 MOL/L",62-76-0,X1000947-9
CCOC(C(OCC)=O)=O,C6H10O4,146.1412,"DIETHYL OXALATE",95-92-1,X1000955-1
OC1=C(OC)C=C(CC=C)C=C1,C10H12O2,164.20108,Eugenol,97-53-0,X1000965-7
O=C1NC2=NC(O)=NC(O)=C2N1,C5H4N4O3,168.11026,"Uric Acid",69-93-2,X1000967-1
C1(CCCCC1)NC2CCCCC2,C12H23N,181.31772,Dicyclohexylamine,101-83-7,X1000975-3
OC(CC1=CC=CC2=CC=CC=C21)=O,C12H10O2,186.2066,".alpha.-Naphthaleneacetic acid",86-87-3,X1000977-7
OC(C1=CC([N+]([O-])=O)=CC([N+]([O-])=O)=C1)=O,C7H4N2O6,212.11646,"3,5-Dinitrobenzoic acid",99-34-3,X1000985-9
O=C(OCC)C1=CC=CC=C1C(OCC)=O,C12H14O4,222.23716,"PHTHALIC ACID DIETHYL ESTER",84-66-2,X1000987-3
O=C1C2=C(C=CC(O)=C2O)C(C3=CC=CC=C31)=O,C14H8O4,240.21092,ALIZARIN,72-48-0,X1000995-5
CN(C)C(C=C1)=CC=C1C(C2=CC=CC=C2)=C(C=C3)C=CC3=[N+](C)C.[Cl-],C23H25ClN2,364.911,"CHINA GREEN",569-64-2,X1001005-0
[O-]C1=CC2=C(C=C1)C3(C(C=CC=C4)=C4C(O3)=O)C5=C(C=C([O-])C=C5)O2.[Na+].[Na+],C20H10Na2O5,376.26994,"FLUORESCEIN SODIUM",518-47-8,X1001007-4
O=S(C1=C(C=CC=C1)C2(C3=C(C(C)C)C=C(O)C(C)=C3)C4=C(C(C)C)C=C(O)C(C)=C4)(O2)=O,C27H30O5S,466.5891,"THYMOL BLUE",62625-21-2,X1001017-0
CC(C(\C1=C(C2=C(C=C(C(C)=C2)O)C(C)C)/C3=C(S([O-])(=O)=O)C=CC=C3)=CC(C(C)=C1)=O)C.[Na+],C27H29NaO5S,488.57093,"Thymol blue Sodium salt",62625-21-2,X1001017-0
O=S(C1=C(C=CC=C1)C2(C3=CC(Br)=C(O)C(Br)=C3)C4=CC(Br)=C(O)C(Br)=C4)(O2)=O,C19H10Br4O5S,669.9607,"BROMOPHENOL BLUE",62625-28-9,X1001027-6
[O-]S(C1=C(C(C2=CC(Br)=C(O)C(Br)=C2)=C3C=C(Br)C(C(Br)=C3)=O)C=CC=C1)(=O)=O.[Na+],C19H9Br4NaO5S,691.94253,"Bromphenol blue Sodium Salt",62625-28-9,X1001027-6
O=C1OC(C)CO1,C4H6O3,102.08864,"Propylene carbonate",108-32-7,X1001035-8
CC(O)C([O-])=O.[Na+],C3H5NaO3,112.05977,"SODIUM LACTATE SOLUTION",72-17-3,X1001037-2
CC(OCCOCC)=O,C6H12O3,132.15768,1-ACETOXY-2-ETHOXYETHANE,111-15-9,X1001045-4
O=C1NC(NC(C1)=O)=S,C4H4N2O2S,144.15176,"2-THIOBARBITURIC ACID",504-17-6,X1001047-8
OC(CC1=CNC2=C1C=CC=C2)=O,C10H9NO2,175.18396,"Indole-3-acetic acid-carboxy-14C",87-51-4,X1001057-4
CN1N(C2=CC=CC=C2)C(C(N)=C1C)=O,C11H13N3O,203.24042,4-Aminoantipyrine,83-07-8,X1001065-6
[O-]C(C1=O)=C([O-])C(C(C1=O)=O)=O.[Na+].[Na+],C6Na2O6,214.04014,"SODIUM RHODIZONATE",523-21-7,X1001067-0
[O-]C(CCCCCCC/C=C\CCCCCCCC)=O.[Na+],C18H33NaO2,304.44319,"SODIUM OLEATE POWDER",143-19-1,X1001085-8
OC(C=C1)=CC=C1C2(C(C=CC=C3)=C3C(O2)=O)C4=CC=C(O)C=C4,C20H14O4,318.32276,"PHENOLPHTHALEIN SOLUTION",77-09-8,X1001087-2
O=C1OC(C(C=C2C(C)C)=C(C)C=C2O)(C(C=C3C(C)C)=C(C)C=C3O)C4=C1C=CC=C4,C28H30O4,430.5354,Thymolphthalein,125-20-2,X1001095-4
C1COCCN1,C4H9NO,87.12036,MORPHOLINE,110-91-8,X1001097-8
O=NN([O-])C1=CC=CC=C1.[NH4+],C6H9N3O2,155.15456,CUPFERRON,135-20-6,X1001107-9
CC(OCC[N+](C)(C)C)=O.[Cl-],C7H16ClNO2,181.66044,"Acetylcholine chloride",60-31-1,X1001115-1
OC(/C(C1=CC=CC=C1)=N\O)C2=CC=CC=C2,C14H13NO2,227.25852,"ALPHA-BENZOIN OXIME",441-38-3,X1001117-5
OS(C1=CC(O)=C(N=NC2=CC(C)=CC=C2O)C3=C1C=CC=C3)(=O)=O,C17H14N2O5S,358.36846,"Calmagite Free Acid",3147-14-6,X1001125-7
CC([C@H](O)C(NCCC([O-])=O)=O)(CO)C.CC([C@H](O)C(NCCC([O-])=O)=O)(CO)C.[Ca+2],C18H32CaN2O10,476.53208,"D-PANTOTHENIC ACID",137-08-6,X1001135-3
NNC1=CC(C)=CC=C1,C7H10N2,122.1677,"Phenylhydrazine Free Base",100-63-0,X1001137-7
O=C(CC[C@H](N)C(O)=O)OCC1=CC=CC=C1,C12H15NO4,237.2518,"2-AMINO-PENTANEDIOIC ACID 5-BENZYL ESTER",1676-73-9,X1001145-9
[O-]C1=CC=C2C(OC(C3=[N+]2[O-])=CC(C=C3)=O)=C1.[Na+],C12H6NNaO4,251.17011,RESAZURINE,62758-13-8,X1001147-3
O=C(O)CN(CC(O)=O)CCN(CC(O)=O)CCN(CC(O)=O)CC(O)=O,C14H23N3O10,393.34652,"Diethylenetriaminepentaacetic acid Free Acid",67-43-6,X1001155-5
O=P(O)(O[C@]1[C@]([C@]([C@@]([C@]([C@@]1OP(O)(O)=O)OP(O)(O)=O)OP(O)(O)=O)OP(O)(O)=O)OP(O)(O)=O)O,C6H12O24P6,653.987646,"PHYTIC ACID SOLUTION",83-86-3,X1001157-9
CC([O-])=O.[O-]C(C)=O.[Pb+2].[Pb+2].[OH-].[OH-],C4H8O6Pb2,566.50272,"Lead subacetate",1335-32-6,X1001168-2
O=C(C1=C2C(O)=C(O[C@H]([C@@H]3O)OC(CO)[C@@H](O)[C@@H]3O)C([O-])=C1O[Al](O)OC4=C([O-])C(O[C@@H]([C@H]5O)OC(CO)[C@H](O)[C@H]5O)=C(O)C(C(C6=C7C=C(O)C(C(O)=O)=C6C)=O)=C4C7=O)C8=C(C(C)=C(C(O)=O)C(O)=C8)C2=O.[Ca+2].O.O.O,C44H43AlCaO32,1150.852558,Carmine,1390-65-4,X1001172-6
O=C(C1=CC(O[H])=C(C(O[H])=C1)O[H])OC2C(O[H])C(OC(COC(C3=CC(O[H])=C(C(O[H])=C3)O[H])=O)C2O[H])OC(C4=CC(O[H])=C(O[H])C(O[H])=C4)=O,C27H24O18,636.46866,"Tannic acid",72401-53-7,X1098206-2
OCCO,C2H6O2,62.06784,"POLYETHYLENE GLYCOL 4000",25322-68-3,X1001183-9
[N+]1(C2=CC=CC=C2)=NC(C3=CC=CC=C3)=NN1C4=CC=CC=C4.[Cl-],C19H15ClN4,334.8022,"2,3,5-Triphenyltetrazolium chloride",298-96-4,X1001186-0
CC[N+](CC)=C1C=CC2=NC3C(C(C)=C(N)C=C3N)OC2=C1.[Cl-],C17H23ClN4O,334.84372,"CRESYL BLUE",10127-36-3,X1010001-1
CN(C)C1=CC([NH+]=C(C=C(N)C(C)=C2)C2=N3)=C3C=C1.[Cl-],C15H17ClN4,288.77528,"Nuclear fast red",6409-77-4,X1001202-9
O[C@@H]([C@@H](O)[C@H]1O)[C@H](CO)O[C@H]1O[C@@H]2[C@@H](CO)O[C@@H](O)[C@@H](O)[C@H]2O.[O-][N+](O[C@@H]3[C@H](O[N+]([O-])=O)O[C@H](CO[N+]([O-])=O)[C@H]([C@@H]3O[N+]([O-])=O)O[C@@H](O[C@H]4CO[N+]([O-])=O)[C@H](O[N+]([O-])=O)[C@H](O[N+]([O-])=O)[C@@H]4O[N+]([O-])=O)=O,C24H36N8O38,1044.57344,COLLODION,9004-70-0,X1001234-1
O=C([C@@]12CC[C@@]3(C)[C@]4(C)CC[C@@]5([H])C(C)(C)[C@@H](O)CC[C@]5(C)[C@@]4([H])CCC3[C@@]1([H])[C@H](C(C)=C)CC2)O,C30H48O3,456.70032,"BETULINIC ACID",472-15-1,X1001248-5
CC(N)=O,C2H5NO,59.0672,Acetamide,60-35-5,X1001250-5
COC1=C(C)C=CC=C1,C8H10O,122.1644,Anisole,100-66-3,X1001258-1
O=C(C)OC1=C(C(O)=O)C=CC=C1,C9H8O4,180.15742,"Acetylsalicylic acid",50-78-2,X1001260-1
S=C=S,CS2,76.1407,"CARBON DISULFIDE",75-15-0,X1001270-7
OC(CCC)=O,C4H8O2,88.10512,"N-BUTYRIC ACID",107-92-6,X1001278-3
[H]C(N)=O,CH3NO,45.04062,FORMAMIDE,75-12-7,X1001281-0
NC([H])([H])[H],CH5N,31.0571,"METHYLAMINE SOLUTION",74-89-5,X1001289-6
[H]C(OC)=O,C2H4O2,60.05196,"METHYL FORMATE",107-31-3,X1001291-6
OC1=CC=CC=C1[N+]([O-])=O,C6H5NO3,139.1088,2-NITROPHENOL,88-75-5,X1001301-7
OC1=C(N=CC=C2)C2=CC=C1,C9H7NO,145.15798,8-HYDROXYQUINOLINE,2085-33-8,X1083197-5
O=C(C1)N(C2[C@@]3(CC4)[C@](N4C5)([H])C[C@@]6([H])C5=CCOC1[C@]62[H])C7=C3C=CC=C7,C21H22N2O2,334.41158,STRYCHNINE*,57-24-9,X1001311-3
NC1=CC(OC(C2=N3)=CC(C4=C2C=CC=C4)=[NH2+])=C3C=C1.[O-]C(C)=O,C18H15N3O3,321.33,"CRESYL FAST VIOLET",10510-54-0,X1001319-9
CC/[N+](CC1=CC(S([O-])(=O)=O)=CC=C1)=C2C=C/C(C=C/2)=C(C3=C(C=C(C=C3)O)S([O-])(=O)=O)/C4=CC=C(C=C4)N(CC)CC5=CC=CC(S([O-])(=O)=O)=C5.[Na+].[Na+],C37H34N2Na2O10S3,808.8478,"Fast green FCF",2353-45-9,X1001329-5
CC/[N+](CC1=CC(S([O-])(=O)=O)=CC=C1)=C2C=C(/C(C=C/2)=C(C3=CC=C(C=C3)NC4=CC=C(OCC)C=C4)/C5=CC=C(C=C5C)N(CC)CC6=CC=C(S([O-])(=O)=O)C=C6)C.[Na+],C47H48N3NaO7S2,854.01969,"Brilliant blue G-perchloric acid solution",6104-58-1,X1001331-5
OC1=C(N=NC2=C(C)C=C(N=NC3=C(C)C=CC=C3)C=C2)C(C=CC=C4)=C4C=C1,C24H20N4O,380.4418,"SUDAN IV",85-83-6,X1001339-1
CC1=C(NCC)C=C([S+]=C(C=C(NCC)C(C)=C2)C2=N3)C3=C1.Cl[Zn]Cl.[Cl-],C18H22Cl3N3SZn,484.20138,"NEW METHYLENE BLUE N",6586-05-6,X1001341-1
OC1=C(C2=C(C=C1S([O-])(=O)=O)C=C(S([O-])(=O)=O)C=C2)N=NC3=C(C=C(C=C3)N=NC4=CC=C(S([O-])(=O)=O)C=C4)S([O-])(=O)=O.[Na+].[Na+].[Na+].[Na+],C22H12N4Na4O13S4,760.56876,"Ponceau S Sodium Salt",6226-79-5,X1001349-7
OC1=C(C(S([O-])(=O)=O)=CC2=C1C(O)=C(C(S([O-])(=O)=O)=C2)N=NC3=C(S([O-])(=O)=O)C=CC=C3)N=NC4=CC=CC=C4S([O-])(=O)=O.[Na+].[Na+].[Na+].[Na+],C22H12N4Na4O14S4,776.56816,"Sulfonazo III Sodium Salt",1738-02-9,X1001351-7
[O-]C(C([O-])=O)=O.[H]O[H].[K+].[K+],C2H2K2O5,184.23088,"Potassium oxalate Monohydrate",6487-48-5,X1001359-3
[O-]C(C)=O.O=C(C)[O-].[H]O[H].[H]O[H].[H]O[H].[H]O[H].[Co+2],C4H14CoO8,249.08236,"Cobalt acetate Tetrahydrate",6147-53-1,X1001369-9
[H]O[H].[H]O[H].[O-]C(C(O)C(O)C([O-])=O)=O.[Na+].[Na+],C4H8Na2O8,230.08106,"L(+)Tartaric acid Disodium salt Dihydrate",6106-24-7,X1001379-5
C/C(/C(C)=N/[O-])=N\[O-].[Na+].[Na+],C4H6N2Na2O2,160.08218,"Dimethylglyoxime, disodium salt ocathydrate",60908-54-5,X1001389-1
COC(C=C1)=CC2=C1N=CC=C2[C@H](C3([H])N4CC([H])(C=C)C(CC4)C3)O.[H]O[H].[H]O[H].OS(O)(=O)=O.COC(C=C5)=CC6=C5N=CC=C6[C@@H](C7([H])N8CC([H])(C=C)C(CC8)C7)O,C40H54N4O10S,782.94256,"QUININE SULFATE DIHYDRATE",6119-70-6,X1001399-7
O=C1CC2C(C3[C@]45C(C=C(OC)C(OC)=C6)=C6N31)C(CC4N(CC5)C7)C7=CCO2.OS(O)(=O)=O.[H]O[H].[H]O[H].[H]O[H].[H]O[H].[H]O[H].[H]O[H].[H]O[H].O=C8CC9C(C%10[C@]%11%12C(C=C(OC)C(OC)=C%13)=C%13N%108)C(CC%11N(CC%12)C%14)C%14=CCO9,C46H68N4O19S,1013.11252,"BRUCINE SULFATE HYDRATE",38741-38-7,X1032446-4
[H]O[H].CC(C=C1)=CC=C1S([O-])=O.[H]O[H].[Na+],C7H11NaO4S,214.21461,"SODIUM p-TOLUENESULFINATE",824-79-3,X1032047-1
O=C(O)[C@@H](N)CCCCN.[H]Cl,C6H15ClN2O2,182.6485,"L-Lysine Monohydrochloride",657-27-2,X1001419-4
NC1=CC=C(C(OCCN(CC)CC)=O)C=C1.[H]Cl,C13H21ClN2O2,272.77104,"Procaine Hydrochloride",51-05-8,X1001421-4
NC1=CC(C2=CC(N)=C(N)C=C2)=CC=C1N.[H]Cl.[H]Cl.[H]Cl.[H]Cl,C12H18Cl4N4,360.11012,"3,3'-Diaminobenzidine Tetrahydrochloride",7411-49-6,X1001431-0
COC1=CC(C(CC2=CC(OC)=C(OC)C=C2)=NC=C3)=C3C=C1OC.[H]Cl,C20H22ClNO4,375.84598,"Papaverine Hydrochloride",61-25-6,X1001439-6
CC1=CC2=C(C3=CC=CC=C3C(OCC)=O)C4=C(OC2=C/C1=[NH+]/CC)C=C(NCC)C(C)=C4.[Cl-],C28H31ClN2O3,479.01034,"Rhodamine 6G Chloride",989-38-8,X1001441-6
OC(C(C)NC)C1=CC=CC=C1.OS(O)(=O)=O.OC(C(C)NC)C2=CC=CC=C2,C20H32N2O6S,428.54288,"(1S,2S)-(+)-PSEUDOEPHEDRINE SULFATE",134-72-5,X1001449-2
[H]C([H])([H])C#N,C2H3N,41.05192,ACETONITRILE,75-05-8,X1001451-2
O=C([O-])[H].[NH4+],CH5NO2,63.0559,"AMMONIUM FORMATE",540-69-2,X1001459-8
O=C([O-])[H].[Na+],CHNaO2,68.00721,"SODIUM FORMATE",141-53-7,X1001461-8
C=CC(N)=O,C3H5NO,71.0779,Acrylamide,79-06-1,X1001469-4
[H]C(OCC)=O,C3H6O2,74.07854,"Ethyl formate",109-94-4,X1001479-0
CC([O-])=O.[Na+],C2H3NaO2,82.03379,"SODIUM ACETATE ANHYDROUS",127-09-3,X1001489-6
O=C1CCCC1,C5H8O,84.11642,CYCLOPENTANONE,120-92-3,X1001491-6
CC(N(C)C)=O,C4H9NO,87.12036,"N,N-DIMETHYLACETAMIDE",127-19-5,X1001499-2
CCC(C)(O)C,C5H12O,88.14818,2-METHYL-2-BUTANOL,75-85-4,X1001501-7
CCOCCO,C4H10O2,90.121,"ETHYLENE GLYCOL MONOETHYL ETHER",110-80-5,X1001509-3
SCC(O)=O,C2H4O2S,92.11696,"THIOGLYCOLIC ACID",68-11-1,X1001511-3
O=C(C=C1)OC1=O,C4H2O3,98.05688,"MALEIC ANHYDRIDE",108-31-6,X1001519-9
O=C1CCCCC1,C6H10O,98.143,CYCLOHEXANONE,108-94-1,X1001521-9
CCCCCCC,C7H16,100.20194,N-HEPTANE,142-82-5,X1001529-5
CC(OC(C)=O)=O,C4H6O3,102.08864,"ACETIC ANHYDRIDE",108-24-7,X1001531-5
CC1=CC(C)=C(C)C=C1,C9H12,120.19158,P-XYLENE,106-42-3,X1001539-1
OCC1=CC(C)=CC=C1,C8H10O,122.1644,"BENZYL ALCOHOL",100-51-6,X1001541-1
CCCCCCCC,C8H18,114.22852,N-OCTANE,111-65-9,X1001549-7
CC(CC(C)(O)C)=O,C6H12O2,116.15828,"DIACETONE ALCOHOL",123-42-2,X1001551-7
O=[N+]([O-])C1=CC=CC=C1,C6H5NO2,123.1094,NITROBENZENE,98-95-3,X1001559-3
Cl[Si](C)(C)Cl,C2H6Cl2Si,129.06054,Dimethyldichlorosilane,75-78-5,X1001561-3
BrC(C)(C)C,C4H9Br,137.01826,2-BROMO-2-METHYLPROPANE,507-19-7,X1001569-9
CC1=CC(S)=C(S)C=C1,C7H8S2,156.26842,"TOLUENE-3,4-DITHIOL",496-74-2,X1001579-5
CCCCCCCCCCO,C10H22O,158.28108,"n-Decyl alcohol",112-30-1,X1001581-5
C12=CC=CC=C1C=C3C(C=CC=C3)=C2,C14H10,178.2292,Anthracene,120-12-7,X1001589-1
O=C(C1=CC=CC=C1)C2=CC=CC=C2,C13H10O,182.2179,Benzophenone,119-61-9,X1001591-1
O=C1C=C[C@@]2(C)C(CCC3[C@]2(F)C(O)C[C@@]4(C)C3C[C@H](C)[C@]4(O)C(COC(C)=O)=O)=C1,C24H31FO6,434.4977432,"Betamethasone 21-acetate",987-24-6,X1001599-7
O=C1CC[C@@]2(C)C(CC[C@]3([H])[C@]2([H])C(C[C@@]4(C)[C@@]3([H])CC[C@]4(O)C(CO)=O)=O)=C1,C21H28O5,360.44402,Cortisone,53-06-5,X1001601-2
O=C1C=C[C@@]2(C)C([C@@H](C)C[C@]3([H])[C@]2([H])[C@@H](O)C[C@@]4(C)[C@@]3([H])CC[C@]4(O)C(CO)=O)=C1,C22H30O5,374.4706,6.alpha.-Methylprednisolone,83-43-2,X1001609-8
O=C1C=C[C@@]2(C)C(CC[C@]3([H])[C@]2(F)[C@@H](O)C[C@@]4(C)[C@@]3([H])C[C@@H](OC(C)=O)[C@]4(O)C(COC(C)=O)=O)=C1,C25H31FO8,478.5072432,"Triamcinolone diacetate",67-78-7,X1001619-4
O=C1CC[C@@]2(C)C(CC[C@]3([H])[C@]2(F)[C@@H](O)C[C@@]4(C)[C@@]3([H])CC[C@]4(C)O)=C1,C20H29FO3,336.4408632,Fluoxymesterone,76-43-7,X1001621-4
C[C@@]12C(CC[C@]3([H])[C@]2([H])CC[C@@]4(C)[C@@]3([H])CC[C@@H]4O)=CC(CC1)=O,C19H28O2,288.42442,Testosterone,58-22-0,X1001629-0
O=C1CC[C@@]2([H])[C@]3([H])CCC4=C(C=CC(OC(C5=CC=CC=C5)=O)=C4)[C@@]3([H])CC[C@]12C,C25H26O3,374.47214,"ESTRONE BENZOATE",2393-53-5,X1001639-6
O=C1CC[C@@]2(C)C([C@@H](C)C[C@]3([H])[C@]2([H])CC[C@@]4(C)[C@@]3([H])CC[C@]4(OC(C)=O)C(C)=O)=C1,C24H34O4,386.52436,"MEDROXYPROGESTERONE ACETATE",71-58-9,X1001649-2
O=C1CC[C@@]2(C)C(CC[C@]3([H])[C@]2([H])CC[C@@]4(C)[C@@]3([H])CC[C@]4(OC(C)=O)C(C)=O)=C1,C23H32O4,372.49778,17ALPHA-ACETOXYPROGESTERONE,302-23-8,X1001651-2
O=C1CC[C@@]2(C)C(CC[C@]3([H])[C@]2([H])CC[C@@]4(C)[C@@]3([H])CC[C@@H]4C(C)=O)=C1,C21H30O2,314.4617,"PREGN-4-ENE-3,20-DIONE",57-83-0,X1001659-8
O[C@@H](C=O)[C@H](O)[C@H](O)[C@H](O)CO,C6H12O6,180.15588,D-Mannose-UL-14C,2595-97-3,X1001661-8
O[C@H]1O[C@H](CO)[C@H](O)[C@H](O)[C@H]1O,C6H12O6,180.15588,D(+)-GALACTOSE,59-23-4,X1001679-0
O[C@@H](C=O)[C@H](O)[C@@H](O)[C@H](O)CO,C6H12O6,180.15588,D-Gulose,4205-23-6,X1001681-0
O=C(CO)[C@H](O)[C@@H](O)[C@H](O)CO,C6H12O6,180.15588,D(+)sorbose,3615-56-3,X1001692-3
O[C@H](CO)[C@@H](O)[C@H](O)[C@@H](O)CO,C6H14O6,182.17176,SORBITOL,50-70-4,X1001700-0
O=C(/C(N1)=C2NC(C=CC=C3)=C3C/2=O)C4=C1C=CC=C4,C16H10N2O2,262.2628,INDIGO,482-89-3,X1001702-4
CC(C1C2C)(C(C1)CC2)C,C10H18,138.24992,PINANE,473-55-2,X1001710-6
C1=CC=NC=N1,C4H4N2,80.08796,PYRIMIDINE,289-95-2,X1001730-8
C1=CN=CC=N1,C4H4N2,80.08796,PYRAZINE,290-37-9,X1001732-2
C12=CC3=CC4=CC=CC=C4C=C3C=C1C=C5C=CC=CC5=C2,C22H14,278.34656,PENTACENE,135-48-8,X1001750-0
C12=C3C(C4=C2C=CC=C4)=CC=CC3=C5C6=C(C7=CC=CC1=C75)C=CC=C6,C26H14,326.38936,Rubicene,197-61-5,X1001752-4
O=C(OC)[C@@H](NC([C@@H](N)CC(O)=O)=O)CC1=CC=CC=C1,C14H18N2O5,294.30312,"Asp-Phe methyl ester",22839-47-0,X1001772-6
OC1=CC=CC(Cl)=C1,C6H5ClO,128.5563,3-CHLOROPHENOL,108-43-0,X1001811-8
OC1=CC=C(Cl)C=C1,C6H5ClO,128.5563,"4-CHLOROPHENOL SOLUTION 725 MG/L FORAOX",106-48-9,X1001813-2
C1=CCCC=C1,C6H8,80.12772,"1,3-CYCLOHEXADIENE",592-57-4,X1001831-0
[O-][N+](OCC(CO[N+]([O-])=O)(CO[N+]([O-])=O)CO[N+]([O-])=O)=O,C5H8N4O12,316.13662,"Pentaerythritol Tetranitrate",78-11-5,X1001894-7
NC1=NC=NC2=C1C=CN2[C@@H]3O[C@H](CO)[C@H]([C@H]3O)O,C11H14N4O4,266.25326,Tubercidin,69-33-0,X1001923-3
CC1=C(C=C)C(N2C1=C3)=CC4=NC(C(CC)=C4C=O)=CC5=C(C)C(C(C6C(OC)=O)=O)=C(N5[Mg]2)C6=C7N=C3[C@@H](C)[C@@H]7CCC(OC/C=C(CCCC(C)CCCC(C)CCCC(C)C)/C)=O,C55H70MgN4O6,907.4725,"Chlorophyll b",519-62-0,X1001946-6
NCCC1=CC(OC)=C(OC)C(OC)=C1,C11H17NO3,211.25758,"Mescaline Hydrochloride",832-92-8,X1008322-4
C1(C2(N3CCCCC3)CCCCC2)=CC=CC=C1,C17H25N,243.3871,"Phencyclidine-d5 Hydrochloride",60124-79-0,X1001998-0
CN(CCC1=CNC2=C1C(OP(O)(O)=O)=CC=C2)C,C12H17N2O4P,284.248141,Psilocybin,520-52-5,X1002006-1
O=C1CN=C(C2=CC=CC=C2)C3=C(C=CC(Cl)=C3)N1C,C16H13ClN2O,284.74022,Diazepam,439-14-5,X1002018-1
NC1(C2)CC3CC(C1)CC2C3,C10H17N,151.24868,1-AMINOADAMANTANE,768-94-5,X1002026-3
CN(C)CCOC(C1=CC=CC=C1)C2=CC=CC=C2.Cl[H],C17H22ClNO,291.81568,"Diphenhydramine Hydrochloride",147-24-0,X1002070-1
O=S(C1=CC=C(N)C=C1)(NC2=NC(C)=C(C)O2)=O,C11H13N3O3S,267.30422,"N1-(4,5-Dimethyl-2-oxazolyl)sulfanilamide",729-99-7,X1002080-7
CC(C)=CCC/C(C)=C/CO,C10H18O,154.24932,Geraniol,106-24-1,X1002090-3
CCCCC\C=C/C=C/C(OCC)=O,C12H20O2,196.286,"Ethyl trans-2-cis-4-decandienoate",3025-30-7,X1002098-9
OC(CC([O-])=O)(CC([O-])=O)C(O)=O.[NH4+].[NH4+],C6H14N2O7,226.18456,"Citric acid Diammonium Salt",3012-65-5,X1002108-0
O=C(C=C)NCCSSCCNC(C=C)=O,C10H16N2O2S2,260.37624,"N,N'-bis(Acryloyl)cystamine",60984-57-8,X1002110-0
C[C@]([C@@H](O)[C@H](C)O1)([NH3+])CC1OC([C@@H](O)[C@H](O)[C@@H](CO)O2)C2OC3=C(OC(C=C4)=C(Cl)C=C4[C@@H](O)[C@@H](NC([C@@H](CC(C)C)[NH2+]C)=O)C5=O)C=C([C@@H](NC([C@H](CC(N)=O)N5)=O)C(N[C@@H]6C(C=C7C(C8=CC(O)=C9)=C9O)=CC=C7O)=O)C=C3OC(C(Cl)=C%10)=CC=C%10[C@H]([C@@H](C(N[C@@H]8C([O-])=O)=O)NC6=O)O,C66H76Cl2N9O24+,1450.26154,"VANCOMYCIN HYDROCHLORIDE HYDRATE",123409-00-7,X1002118-6
O[C@]1([H])[C@@](O)([H])[C@](CO)([H])O[C@]1(N(C=C2)C(NC2=O)=O)[H],C9H12N2O6,244.20138,Uridine,104997-39-9,X1096887-9
[H]C([C@@]1(O)[H])([C@](O[C@](COP(O)(O)=O)1[H])([H])N2C=CC(NC2=O)=O)[H],C9H13N2O8P,308.181881,"2'-Deoxyuridine 5'-monophosphate Disodium Salt",42155-08-8,X1089252-5
O[C@]([C@@]1(O)[H])([C@](O[C@](COP(O)(O)=O)1[H])([H])N2C=CC(N)=NC2=O)[H],C9H14N3O8P,323.196521,"Cytidine 5'-monophosphate Free Acid",63-37-6,X1002131-9
[S-]C(N1CCCC1)=S.[NH4+],C5H12N2S2,164.29218,"Pyrrolidinedithiocarbamate Ammonium Salt",5108-96-3,X1002139-5
[H]F.[NH4+].[F-],F2H5N,57.0432064,"AMMONIUM HYDROGEN FLUORIDE",1341-49-7,X1002141-5
[O-]S(OOS([O-])(=O)=O)(=O)=O.[NH4+].[NH4+],H8N2O8S2,228.20212,"AMMONIUM PEROXODISULFATE",7727-54-0,X1002149-1
O=P(O)(O)[O-].[NH4+],H6NO4P,115.025701,"AMMONIUM DIHYDROGEN PHOSPHATE",7722-76-1,X1002151-1
[H]O[H].[H]O[H].[H]O[H].[H]O[H].[H]O[H].[H]O[H].[O-]C(C(O[Sb]1OC2=O)C3C([O-][Sb](OC(C2O1)C([O-])=O)O3)=O)=O.[K+].[K+],C8H16K2O18Sb2-,721.91844,"Potassium antimony tartrate Hydrate",28300-74-5,X1002159-7
[Sb]1(O[Sb]2O3)O[Sb](O2)O[Sb]3O1,O6Sb4,583.0364,"ANTIMONY(III) OXIDE",1309-64-4,X1002161-7
NN,H4N2,32.04516,"Hydrazine Anhydrous",302-01-2,X1002170-6
NN.O=S(O)(O)=O,H6N2O4S,130.12364,"HYDRAZINIUM SULFATE",10034-93-2,X1002172-0
ClP(Cl)(Cl)(Cl)Cl,Cl5P,208.238761,"PHOSPHORUS(V) CHLORIDE",10026-13-8,X1002181-9
BrP(Br)Br,Br3P,270.685761,"PHOSPHORUSTRIBROMIDE  1 MOL/L IN DICHLOROMETHANE",7789-60-8,X1002183-3
CC[N+](CC)(CC)CC.[OH-],C8H21NO,147.25844,"Tetraethylammonium hydroxide",77-98-5,X1002191-5
C[N+](C)(C)C.[OH-],C4H13NO,91.15212,"TETRAMETHYLAMMONIUM HYDROXIDE SOLUTION 0.1 MOL/L I",75-59-2,X1002193-9
[H]Br,BrH,80.91194,"HYDROBROMIC ACID",10035-10-6,X1002201-6
[H]F,FH,20.0063432,"HYDROFLUORIC ACID",,X1206198-4
[Se],Se,78.96,SELENIUM,7782-49-2,X1002211-2
O=[Se](Cl)Cl,Cl2OSe,165.8654,"SELENIUM OXYCHLORIDE",7791-23-3,X1002213-6
ClS(Cl)(=O)=O,Cl2O2S,134.9698,"SULFURYL CHLORIDE",7791-25-5,X1002221-8
[H]O[H],H2O,18.01528,Water,7732-18-5,X1002223-2
[H][C@@]1(C2)C3=C(C4=C(N3)C=C(OC)C=C4)CCN1C[C@]5([H])[C@@]2([C@H](C(OC)=O)[C@@H](OC)[C@H](OC(C6=CC(OC)=C(OC)C(OC)=C6)=O)C5)[H],C33H40N2O9,608.6787,Reserpine,50-55-5,X1002301-1
O=C1O[C@@]2([H])[C@](O[C@H](CO)[C@@H](O)[C@@H]2O)([H])C3=C1C=C(O)C(OC)=C3O,C14H16O9,328.27144,BERGENIN,477-90-7,X1002341-5
CCC1=C(C)C2=NC1=CC3=C(C)C4=C5N3[Mg]N(C(C(C=C)=C6C)=C2)C6=CC([C@H](C)[C@H]7CCC(OC/C=C(C)/CCC[C@@H](C)CCC[C@@H](C)CCCC(C)C)=O)=NC7=C5[C@H](C(OC)=O)C4=O,C55H72MgN4O5,893.48898,"Chlorophyll a",479-61-8,X1002353-5
OC1C(C2=CCO1)=CC(O2)=O,C7H6O4,154.12014,Patulin,149-29-1,X1002413-6
[H]C(C1)(C=C)C2C[C@@]([H])([C@]([H])(O)C3=CC=NC4=C3C=C(OC)C=C4)N1CC2,C20H24N2O2,324.41676,"QUININE ANHYDROUS",130-95-0,X1002421-8
ClC1=C(N)C=C(N)C=C1,C6H7ClN2,142.58618,"4-CHLORO-1,3-PHENYLENEDIAMINE",5131-60-2,X1002451-6
OC1=C([N+]([O-])=O)C=C(N)C=C1,C6H6N2O3,154.12344,4-AMINO-2-NITROPHENOL,119-34-6,X1002453-0
C/C(C1=O)=C/C=C\C(C)C(O)C(C)C(O)C(C)C(C(OC)=O)C(C)C(OC)/C=C/OC2(C)OC3=C(C2=O)C4=C(C(O)=C3C)C(C(N1)=CC4=O)=O,C37H45NO12,695.7527,"Rifamycin s",13553-79-2,X1002473-2
[2H]C1([2H])C([2H])([2H])C([2H])([2H])C([2H])([2H])C([2H])([2H])C1([2H])[2H],C6D12,96.233421336,Cyclohexane-d12,1735-17-7,X1002481-4
[I-].[Cd+2].[I-],CdI2,366.21994,"Cadmium iodide",7790-80-9,X1002492-7
[Cd]=O,CdO,128.4104,"CADMIUM OXIDE BROWN",1306-19-0,X1002494-1
[H]O[H].[H]O[H].[H]O[H].[H]O[H].[H]O[H].[H]O[H].[Cr+3].[Cl-].[Cl-].[Cl-],Cl3CrH12O6,266.44678,"Chromium(III) chloride Hexahydrate",10060-12-5,X1002502-8
[O-2].[O-2].[O-2].[Cr+3].[Cr+3],Cr2O3,151.9904,"CHROMIUM(III) OXIDE",1308-38-9,X1002504-2
[Br-].[Cu+2].[Br-],Br2Cu,223.354,"COPPER(II) BROMIDE",7789-45-9,X1002512-4
[H]O[H].[H]O[H].[H]O[H].[H]O[H].[Cl-].[Fe+2].[Cl-],Cl2FeH8O4,198.81212,"Ferrous chloride Tetrahydrate",13478-10-9,X1002532-6
[Fe]=S,FeS,87.91,"FERROUS SULFIDE",1317-37-9,X1002534-0
O=C([O-])[O-].[Mn+2],CMnO3,114.946949,"MANGANESE(II) CARBONATE TECHNICAL",598-62-9,X1002542-2
O=[N+]([O-])[O-].O=[N+]([O-])[O-].[Mn+2],MnN2O6,178.947849,"MANGANESE ION CHROMATOGRAPHY STD SOL. FLUKA",10377-66-9,X1002544-6
[S-]C#N.[S-]C#N.[Hg+2],C2HgN2S2,316.7548,"MERCURY(II) THIOCYANATE POWDER",592-85-8,X1002552-8
O=[N+]([O-])[O-].[H]O[H].[Hg+],H2HgNO4,280.61018,"MERCUROUS NITRATE DIHYDRATE",7782-86-7,X1002554-2
O=C([O-])[O-].[Ni+2],CNiO3,118.7023,"NICKEL CARBONATE (OUS)",3333-67-3,X1002563-1
N#[C-].[Ag+],CAgN,133.8856,"SILVER CYANIDE",506-64-9,X1002576-8
O=[N+]([O-])[O-].[Ag+],AgNO3,169.8731,"SILVER NITRATE SOLUTION 1/35,5 MOL/L1/35",7761-88-8,X1002578-2
[V],V,50.9415,"VANADIUM STANDARD  1,000 G",7440-62-2,X1002586-4
[Zn],Zn,65.39,"ZINC STICKS OF 6 MM DIAMETER",7440-66-6,X1002588-8
[O-]S(=O)([O-])=O.[H]O[H].[H]O[H].[H]O[H].[H]O[H].[H]O[H].[H]O[H].[H]O[H].[Zn+2],H14O11SZn,287.55956,"Zinc Sulfate Heptahydrate",7446-20-0,X1002596-0
O=[Zr]=O,O2Zr,123.2228,"ZIRCONIUM OXIDE",1314-23-4,X1002598-4
CC(Cl)Cl,C2H4Cl2,98.95916,"1,1-Dichloroethane",75-34-3,X1002609-2
ClC(C(Cl)=CC=C1)=C1Cl,C6H3Cl3,181.44702,"1,2,3-Trichlorobenzene",87-61-6,X1002617-4
ClC(C=C(Cl)C(Cl)=C1)=C1Cl,C6H2Cl4,215.89208,"1,2,4,5-TETRACHLOROBENZENE",95-94-3,X1002619-8
CC1=C(C=CC=C2)C2=CC=C1C,C12H12,156.22368,"1,2-DIMETHYLNAPHTHALENE",573-98-8,X1002627-0
CC1=C(C=CC=C2)C2=CC(C)=C1,C12H12,156.22368,"1,3-DIMETHYLNAPHTHALENE",575-41-7,X1002637-6
C1COC1,C3H6O,58.07914,"TRIMETHYLENE OXIDE",503-30-0,X1002639-0
C1(N2CCNCC2)=CC=CC=N1,C9H13N3,163.21962,1-(2-PYRIDYL)PIPERAZINE,34803-66-2,X1002648-9
CC(O)COCCCC,C7H16O2,132.20074,1-BUTOXY-2-PROPANOL,5131-66-8,X1002650-9
CCCCCCCCS,C8H18S,146.29352,1-OCTANETHIOL,111-88-6,X1002658-5
O=C1NN(C2=CC=CC=C2)CC1,C9H10N2O,162.1885,"1-Phenyl-3-pyrazolidinone Photographic Grade",92-43-3,X1002660-5
ClC1=C(Cl)C=C2OC3=CC(Cl)=C(Cl)C=C3OC2=C1,C12H4Cl4O2,321.97096,"2,3,7,8-Tetrachlorodibenzo-p-dioxin",1746-01-6,X1002670-1
[O-][N+](C1=CC([N+]([O-])=O)=CC(Br)=C1N)=O,C6H4BrN3O4,262.01766,"2-BROMO-4,6-DINITROANILINE",1817-73-8,X1002680-7
CC(NC1=CC(CC2=CC=CC=C32)=C3C=C1)=O,C15H13NO,223.26982,2-Acetamidofluorene,53-96-3,X1002688-3
SC1=NC2=CC=CC=C2S1,C7H5NS2,167.2513,2-MERCAPTOBENZOTHIAZOLE,149-30-4,X1002690-3
O=C(OCCO)C(C)=C,C6H10O3,130.1418,"2-Hydroxyethyl methacrylate",868-77-9,X1002698-9
OCCN(CCCC)CCCC,C10H23NO,173.29572,2-(DIBUTYLAMINO)ETHANOL,102-81-8,X1002708-0
C=CC(OCCOC1=CC=CC=C1)=O,C11H12O3,192.21118,"ETHYLENE GLYCOL PHENYL ETHER ACRYLATE",48145-04-6,X1002710-0
CC(OC)CCOC(C)=O,C7H14O3,146.18426,"® Butoxyl",4435-53-4,X1002718-6
OC(C1=O)=C(CC1)C,C6H8O2,112.12652,3-Methyl-2-hydroxy-2-cyclopentenone,80-71-7,X1002720-6
O=S(C1=CC=C(N)C=C1)(C2=CC=C(N)C=C2)=O,C12H12N2O2S,248.30088,"4-Aminophenyl sulfone",80-08-0,X1002728-2
CC(C(C=C([N+]([O-])=O)C=C1[N+]([O-])=O)=C1O)CC,C10H12N2O5,240.21268,"2-sec-Butyl-4,6-dinitrophenol",88-85-7,X1002730-2
CC(C)(C)C1=CC=C(OCC2CO2)C=C1,C13H18O2,206.28082,"Araldite 6005",3101-60-8,X1002738-8
C[C@](C(CCC(C(C)C)=C1)C1=CC2)(CCC3)C2[C@]3(C)C(O)=O,C20H30O2,302.451,"Abietic acid",8050-09-7,X1007484-5
CC(C(O)C)=O,C4H8O2,88.10512,ACETOIN,513-86-0,X1002750-4
N#CCCCCC#N,C6H8N2,108.14112,ADIPONITRILE,111-69-3,X1002759-7
ClC1=C(C=CC=C2)C2=CC=C1,C10H7Cl,162.61558,1-CHLORONAPHTHALENE,90-13-1,X1002771-3
O=C([O-])N.[NH4+],CH6N2O2,78.07054,"AMMONIUM CARBAMATE",1111-78-0,X1002779-9
S=P(OC)(OC)SCN1N=NC(C=CC=C2)=C2C1=O,C10H12N3O3PS2,317.324341,Guthion¿,86-50-0,X1002790-8
FC(F)(F)C1=CC([N+]([O-])=O)=C(N(CC)CCCC)C([N+]([O-])=O)=C1,C13H16F3N3O4,335.2790496,Benfluralin,1861-40-1,X1002792-2
O=C(O1)C(C=C(C(C2=CC(C(O3)=O)=C(C3=O)C=C2)=O)C=C4)=C4C1=O,C17H6O7,322.22534,"BENZOPHENONE-3,3',4,4'-TETRACARBOXYLIC  DIANHYDRID",,
ClC(Cl)(C1=CC=CC=C1)Cl,C7H5Cl3,195.4736,"ALPHA,ALPHA,ALPHA-TRICHLOROTOLUENE",98-07-7,X1002802-3
[Bi]1([Te][Bi]2[Te]3)[Te][Bi]([Te]2)[Te][Bi]3[Te]1,Bi4Te6,1601.52152,"BISMUTH(III) TELLURIDE",1304-82-1,X1002812-9
CCCC,C4H10,58.1222,"BUTANE CYL. WITH 3.80 L (NET ~2.2 KG)",106-97-8,X1002825-6
CCC/C=N/O,C4H9NO,87.12036,BUTYRALDOXIME,110-69-0,X1002833-8
O=[As]([O-])([O-])[O-].O=[As]([O-])([O-])[O-].[Ca+2].[Ca+2].[Ca+2],As2Ca3O8,398.0724,"CALCIUM ARSENATE",7778-44-1,X1002835-2
O=C(NC)OC1=C(C=CC=C2)C2=CC=C1,C12H11NO2,201.22124,"1-Naphthyl N-Methylcarbamate",63-25-2,X1002843-4
O=C(C(SCCO1)=C1C)NC2=CC=CC=C2,C12H13NO2S,235.30212,Carboxin,5234-68-4,X1002854-7
[Ce],Ce,140.116,CERIUM,7440-45-1,X1002857-8
COCCl,C2H5ClO,80.5135,"CHLOROMETHYL METHYL ETHER",107-30-2,X1002875-6
ClC(Cl)(Cl)[N+]([O-])=O,CCl3NO2,164.3752,TRICHLORONITROMETHANE,76-06-2,X1002877-0
ClC1=CC=CC=C1CN2C(C(C)(C)CO2)=O,C12H14ClNO2,239.69806,CLOMAZONE,81777-89-1,X1002889-0
N#CC#N,C2N2,52.0348,"Oxalonitrile, 98.5%",460-19-5,X1002898-9
C[Si]1(C)O[Si](C)(C)O[Si](C)(C)O[Si](C)(C)O[Si](C)(C)O1,C10H30O5Si5,370.7697,DECAMETHYL-CYCLOPENTASILOXANE,541-02-6,X1002908-0
O=P(OCC)(OCC)SCCSCC.S=P(OCC)(OCC)OCCSCC,C16H38O6P2S4,516.676842,"Demeton O&S",8065-48-3,X1002910-0
O=C(C(C=CC=C1)=C1C(OCC=C)=O)OCC=C,C14H14O4,246.25856,"POLY(DIALLYL PHTHALATE), AVERAGE MW CA. 65,000",131-17-9,X1002918-6
C1(CC=C2)C2C3CC1C=C3,C10H12,132.20228,DICYCLOPENTADIENE,77-73-6,X1002940-8
C[Si](F)(F)C,C2H6F2Si,96.1513464,Difluorodimethylsilane,353-66-2,X1002948-4
O=C(C(C(Cl)=C(Cl)C(C(OC)=O)=C1Cl)=C1Cl)OC,C10H6Cl4O4,331.96424,"DIMETHYL 2,3,5,6-TETRACHLOROTEREPHTHALATE",1861-32-1,X1002958-0
CSSC,C2H6S2,94.19904,"DIMETHYL DISULFIDE",624-92-0,X1002960-0
[O-][N+](C1=CC([N+]([O-])=O)=CC(C)=C1O)=O,C7H6N2O5,198.13294,"4,6-DINITRO-O-CRESOL",534-52-1,X1002970-6
CC(OC)COC(C)CO,C7H16O3,148.20014,"DIPROPYLENE GLYCOL MONOMETHYL ETHER",34590-94-8,X1002979-9
C[As]([O-])([O-])=O.[Na+].[Na+],CH3AsNa2O3,183.93386,"Disodium methyl arsenate",144-21-8,X1002992-2
CCCCCCCCCCCCC1=CC=CC=C1,C18H30,246.4308,DODECYLBENZENE,123-01-3,X1003002-7
O=C(OCC)C(C)(O)C,C6H12O3,132.15768,"ETHYL ALPHA-HYDROXYISOBUTYRATE",80-55-7,X1003014-7
COCC,C3H8O,60.09502,"Ethyl Methyl Ether",540-67-0,X1003023-6
CCOCCOCC,C6H14O2,118.17416,"Ethylene glycol diethyl ether",629-14-1,X1003033-2
C1CO1,C2H4O,44.05256,"ETHYLENE OXIDE",75-21-8,X1003035-6
S=P(OCC)(OCC)OC1=CC=C(S(C)=O)C=C1,C11H17O4PS2,308.354041,Fensulfothion,115-90-2,X1003043-8
CN(C([S-])=S)C.[S-]C(N(C)C)=S.[S-]C(N(C)C)=S.[Fe+3],C9H18FeN3S6,416.49432,"FERRIC DIMETHYLDITHIOCARBAMATE",14484-64-1,X1003045-2
[Ga],Ga,69.723,GALLIUM,7440-55-3,X1003054-1
[Ge]=O,GeO,88.6394,"Germanium Monoxide, 99.999%",20619-16-3,X1003057-2
[Au],Au,196.96655,GOLD,7440-57-5,X1003065-4
FC(F)(F)C(Cl)Br,C2HBrClF3,197.3815496,"Halothane, USP",151-67-7,X1003068-5
ClC1=C(Cl)C(Cl)=CC2=C(Cl)C=C(Cl)C(Cl)=C21,C10H2Cl6,334.84088,"Halowax 1014",12616-36-3,X1008709-1
O=C(O1)C(CCCC2)C2C1=O,C8H10O3,154.1632,"1,2-CYCLOHEXANEDICARBOXYLIC ANHYDRIDE",13149-00-3,X1006529-5
FC(C1=CC=C(/C=C\C(\C=C/C2=CC=C(C(F)(F)F)C=C2)=NN=C3NCC(C)(C)CN3)C=C1)(F)F,C25H24F6N4,494.4752792,Amdro,67485-29-4,X1003088-7
C#N,CHN,27.02534,"Hydrogen cyanide",74-90-8,X1003090-7
[C]=O.[C]=O.[C]=O.[C]=O.[C]=O.[Fe],C5FeO5,195.8955,"IRON PENTACARBONYL",13463-40-6,X1003098-3
CC(C)C,C4H10,58.1222,2-METHYLPROPANE,75-28-5,X1003100-8
CC1(C)CC(N=C=O)CC(CN=C=O)(C)C1,C12H18N2O2,222.28352,"ISOPHORONE DIISOCYANATE",4098-71-9,X1003118-0
OCCOC(C)C,C5H12O2,104.14758,2-ISOPROPOXYETHANOL,109-59-1,X1003120-0
C=C=O,C2H2O,42.03668,Ketene,463-51-4,X1003128-6
ClC1=CC(Cl)=CC=C1,C6H4Cl2,147.00196,"1,3-Dichlorobenzene",541-73-1,X1003139-9
CC(C1=CC(O)=CC=C1)=O,C8H8O2,136.14792,3-HYDROXYACETOPHENONE,121-71-1,X1003141-9
O=C(OCC)C(CC(OCC)=O)SP(OC)(OC)=S,C10H19O6PS2,330.358021,"Malathion-2,3-14C",121-75-5,X1003150-8
O=P(SC)(OC)N,C2H8NO2PS,141.129181,Methamidophos,10265-92-6,X1003161-1
S=P(OC)(OC)SCN1C(SC(OC)=N1)=O,C6H11N2O4PS3,302.331301,Methidathion,950-37-8,X1003163-5
CC(C#N)=C,C4H5N,67.0892,METHACRYLONITRILE,126-98-7,X1003173-1
CC(C)CC(O)C,C6H14O,102.17476,4-METHYL-2-PENTANOL,108-11-2,X1003182-0
O=C=NC(C=C1)=CC=C1CC2=CC=C(N=C=O)C=C2,C15H10N2O2,250.2521,"4,4'-METHYLENEBIS(PHENYL ISOCYANATE)",101-68-8,X1003195-7
CNCC,C3H9N,59.11026,N-ETHYLMETHYLAMINE,624-78-2,X1003197-1
C[C@@H]([C@@H](OC)C(C(O)=O)C)[C@](O1)([H])[C@H](C)[C@@H](O)C[C@@]1(O2)CC[C@]2(C)[C@@]3([H])CC[C@]([C@]4([H])O[C@]([C@@]5([H])O[C@@](O)(CO)[C@H](C)C[C@@H]5C)([H])C[C@@H]4C)(CC)O3,C36H62O11,670.87088,Monensin,17090-79-8,X1003206-5
CNC1=CC=C(C)C=C1,C8H11N,121.17964,N-METHYLANILINE,100-61-8,X1003208-9
CN(C)CCO,C4H11NO,89.13624,2-(DIMETHYLAMINO)ETHANOL,108-01-0,X1003216-1
O=C1N(SC(Cl)(Cl)Cl)C(C2=CC=CC=C21)=O,C9H4Cl3NO2S,296.55756,N-(TRICHLOROMETHYLTHIO)PHTHALIMIDE,133-07-3,X1003218-5
CC(OCCCCCC)=O,C8H16O2,144.21144,"Caproyl acetate",142-92-7,X1003226-7
CC(C)NC1=CC=CC=C1,C9H13N,135.20622,N-ISOPROPYLANILINE,768-52-5,X1003228-1
O=NN(C1=CC=CC=C1)C2=CC=CC=C2,C12H10N2O,198.2206,N-NITROSODIPHENYLAMINE,86-30-6,X1003238-7
C1(NC2=CC=CC=C2)=C(C=CC=C3)C3=CC=C1,C16H13N,219.28112,N-PHENYL-1-NAPHTHYLAMINE,90-30-2,X1003246-9
[N]=O,"NO *",30.0061,"NITRIC-15N OXIDE",10102-43-9,X1003257-2
[O-][N+]=O,"NO2 *",46.0055,"NITROGEN DIOXIDE",10102-44-0,X1003259-6
O=CC1=CC=C(OC)C=C1,C8H8O2,136.14792,p-Anisaldehyde,123-11-5,X1003268-5
COC1=C(Cl)C(Cl)=C(Cl)C(Cl)=C1Cl,C7H3Cl5O,280.36312,"2,3,4,5,6-PENTA-CHLORO-ANISOLE",1825-21-4,X1003312-8
ClC(Cl)(Cl)SCl,CCl4S,185.8877,"PERCHLOROMETHYL MERCAPTAN",594-42-3,X1003320-0
O=C(OC1=CC(NC(OC)=O)=CC=C1)NC2=CC=CC(C)=C2,C16H16N2O4,300.30924,Phenmedipham,13684-63-4,X1003323-1
CC(CC1=CC=CC=C1)=O,C9H10O,134.1751,Phenylacetone,103-79-7,X1003331-3
S=P(OCC)(OCC)SCSCC,C7H17O2PS3,260.377441,Phorate,298-02-2,X1003333-7
O=C(C(C1=O)C(C2=CC=CC=C12)=O)C(C)(C)C,C14H14O3,230.25916,2-Pivaloyl-1.3-indandione,83-26-1,X1003341-9
CCCC1=CC2=C(OCO2)C=C1COCCOCCOCCCC,C19H30O5,338.4385,PIPERONYLBUTOXIDE,51-03-6,X1003343-3
CCC,C3H8,44.09562,PROPANE-1-13C,74-98-6,X1003352-2
CCC#N,C3H5N,55.0785,PROPIONITRILE,107-12-0,X1003354-6
O=C(C=C1)C=CC1=O,C6H4O2,108.09476,"1,4-BENZOQUINONE",106-51-4,X1003365-9
O=C1C(C(C(C2=CC=C(Cl)C=C2)C3=CC=CC=C3)=O)C(C4=C1C=CC=C4)=O,C23H15ClO3,374.8164,Chlorophacinone,3691-35-8,X1003373-1
[Ru],Ru,101.07,"RUTHENIUM POWDER",7440-18-8,X1003375-5
[H][Si]([H])([H])[H],H4Si,32.11726,SILANE,7803-62-5,X1003390-2
ClSSCl,Cl2S2,135.036,"SULFUR CHLORIDE",39594-91-7,X1042294-3
FS(F)(F)F,F4S,108.0586128,"SULFUR TETRAFLUORIDE CYL. WITH 450 G (~NET)",7783-60-0,X1003413-0
S=P(OC)(OC)OC1=CC=C(SC2=CC=C(OP(OC)(OC)=S)C=C2)C=C1,C16H20O6P2S3,466.468922,Abate¿,3383-96-8,X1003421-2
S=P(OCC)(OCC)SCSC(C)(C)C,C9H21O2PS3,288.430601,Terbufos,13071-79-9,X1003423-6
ClC1=C(C(O2)=O)C(C2=O)=C(Cl)C(Cl)=C1Cl,C8Cl4O3,285.8958,"TETRACHLOROPHTHALIC ANHYDRIDE",117-08-8,X1003432-5
N#CC(C)(C)C(C)(C)C#N,C8H12N2,136.19428,"TETRAMETHYL SUCCINONITRILE",3333-52-6,X1003443-8
O=S(O)(C1=C(C=CC=C2)C2=CC=C1N)=O,C10H9NO3S,223.24836,"2-NAPHTHYLAMINE-1-SULFONIC ACID",81-16-3,X1003454-1
O=C=NC1=CC(N=C=O)=CC=C1C,C9H6N2O2,174.15614,"Tolylene 2,4-diisocyanate",584-84-9,X1003456-5
O=P(SCCCC)(SCCCC)SCCCC,C12H27OPS3,314.510941,S.S.S-Tributylphosphorotrithioate,78-48-8,X1003464-7
O[Si](C)(C)C,C3H10OSi,90.1964,TRIMETHYLSILANOL,1066-40-6,X1003477-4
[U],U,238.02891,"URANIUM ATOMIC ABSORPTION STANDARD SOLUTION (HNO3)",7440-61-1,X1003488-7
CC(CC(C1=CC=CC=C1)C(C2=O)=C(C(C=CC=C3)=C3O2)O)=O,C19H16O4,308.32794,"3-(.alpha.-Acetonylbenzyl)-4-hydroxycoumarin Free",,
[O-][Si]([O-])=O.[Ca+2],CaO3Si,116.1617,"CALCIUM METASILICATE",13983-17-0,X1003502-2
CC(O[Hg]C1=CC=CC=C1)=O,C8H8HgO2,336.73792,"Phenylmercuric acetate",62-38-4,X1003512-8
CC(C(Cl)Cl)=O,C3H4Cl2O,126.96926,"1,1-DICHLOROACETONE",513-88-2,X1003514-2
BrC1=CC=C(Br)C=C1,C6H4Br2,235.90396,"1,4-DIBROMOBENZENE",106-37-6,X1003524-8
CCCCI,C4H9I,184.01873,1-IODOBUTANE,542-69-8,X1003533-7
[O-][N+](C1=C(C=CC=C2)C2=CC=C1)=O,C10H7NO2,173.16808,"1-NITRONAPHTHALENE (ALPHA)",86-57-7,X1003535-1
[O-][N+](C1=CC([N+]([O-])=O)=CC=C1O)=O,C6H4N2O5,184.10636,"2,4-DINITROPHENOL INDICATOR  WITH 0.5 ML H2O/G",51-28-5,X1003543-3
O=C=NC1=C(Cl)C=CC=C1Cl,C7H3Cl2NO,188.01082,"2,6-DICHLOROPHENYL ISOCYANATE",39920-37-1,X1003545-7
[O-][N+](C1=CC(Cl)=C(C)C=C1)=O,C7H6ClNO2,171.58104,2-CHLORO-4-NITROTOLUENE,121-86-8,X1003553-9
[O-][N+](C(C=CC=C1Cl)=C1C)=O,C7H6ClNO2,171.58104,2-CHLORO-6-NITROTOLUENE,83-42-1,X1003555-3
CCC1CCCCN1,C7H15N,113.2007,2-ETHYLPIPERIDINE,1484-80-6,X1003563-5
CC(O)CCCC,C6H14O,102.17476,(+/-)-2-HEXANOL,626-93-7,X1003565-9
CC1CCCCN1,C6H13N,99.17412,2-METHYLPIPERIDINE,109-05-7,X1003575-5
[O-][N+](C1=CC([N+]([O-])=O)=CC(N)=C1)=O,C6H5N3O4,183.1216,"3,5-DINITROANILINE",618-87-1,X1003583-7
BrC1=CC(CC#N)=CC=C1,C8H6BrN,196.04394,"3-BROMOBENZYL CYANIDE",31938-07-5,X1003585-1
ClCCC#N,C3H4ClN,89.52356,3-CHLOROPROPIONITRILE,542-76-7,X1003593-3
ClC1=CC=CN=C1,C5H4ClN,113.54496,3-Chloropyridine,626-60-8,X1003595-7
CC(CC)(O)CC,C6H14O,102.17476,3-METHYL-3-PENTANOL,77-74-7,X1003603-4
CC1CCCNC1,C6H13N,99.17412,3-METHYLPIPERIDINE,626-56-2,X1003605-8
[O-][N+](C(C=C(C)C=C1)=C1Cl)=O,C7H6ClNO2,171.58104,4-CHLORO-3-NITROTOLUENE,89-60-1,X1003613-0
CC(C=C(Cl)C=C1)=C1N,C7H8ClN,141.59812,4-CHLORO-2-METHYLANILINE,95-69-2,X1003615-4
CC1CCNCC1,C6H13N,99.17412,4-METHYLPIPERIDINE,626-58-4,X1003623-6
[O-][N+](C(C=CC(Cl)=C1)=C1N)=O,C6H5ClN2O2,172.5691,5-CHLORO-2-NITROANILINE,1635-61-6,X1003625-0
Cl[Si](Cl)(Cl)CC=C,C3H5Cl3Si,175.5163,ALLYLTRICHLOROSILANE,107-37-9,X1003643-8
Br[Al](Br)Br,AlBr3,266.693538,"ALUMINUM BROMIDE ANHYDROUS",7727-15-3,X1003645-2
[O-]C(C1=CC=CC=C1)=O.[NH4+],C7H9NO2,139.15186,"BENZOIC ACID AMMONIUM SALT",1863-63-4,X1003654-1
O=[Cr]([O-])([O-])=O.[NH4+].[NH4+],CrH8N2O4,152.07062,"AMMONIUM CHROMATE*",7788-98-9,X1003656-5
O=S([O-])([S-])=O.[NH4+].[NH4+],H8N2O3S2,148.20512,"AMMONIUM THIOSULFATE",7783-18-8,X1003664-7
CCCCCCl,C5H11Cl,106.59384,1-CHLOROPENTANE,543-59-9,X1003666-1
[Sb]1(S[Sb]2S3)S[Sb](S2)S[Sb]3S1,S6Sb4,679.43,"ANTIMONY(III) SULFIDE",1345-04-6,X1003674-3
Cl[As](Cl)Cl,AsCl3,181.2806,"ARSENIC(III) CHLORIDE",7784-34-1,X1003676-7
[C-]#N.[C-]#N.[Ba+2],C2BaN2,189.3618,"BARIUM CYANIDE",542-62-1,X1003684-9
O=[Mn](=O)([O-])=O.O=[Mn](=O)([O-])=O.[Ba+2],BaMn2O8,375.198298,"Barium Permanganate",7787-36-2,X1003686-3
O=C(C)CBr,C3H5BrO,136.9752,Bromoacetone,598-31-2,X1003696-9
CCCC[Li],C4H9Li,64.05526,"BUTYLLITHIUM SOLUTION",109-72-8,X1003706-0
O=[Mn](=O)([O-])=O.O=[Mn](=O)([O-])=O.[Ca+2],CaMn2O8,277.949298,"CALCIUM PERMANGANATE",10118-76-0,X1003716-6
N#CCCl,C2H2ClN,75.49698,CHLOROACETONITRILE,107-14-2,X1003724-8
ClCOCC,C3H7ClO,94.54008,"CHLOROMETHYL ETHYL ETHER",3188-13-4,X1003726-2
C1CCC=CCC1,C7H12,96.17018,CYCLOHEPTENE,628-92-2,X1003747-1
O=C(C(Cl)=C1Cl)C(C=CC=C2)=C2C1=O,C10H4Cl2O2,227.04356,"2,3-DICHLORO-1,4-NAPHTHOQUINONE",117-80-6,X1003757-7
C=CC(OCC)OCC,C7H14O2,130.18486,"ACROLEIN DIETHYL ACETAL",3054-95-3,X1003765-9
O=C(OC)OC,C3H6O3,90.07794,"DIMETHYL CARBONATE",616-38-6,X1003775-5
O=C(OCC)/C=C/C,C6H10O2,114.1424,"ETHYL CROTONATE",623-70-1,X1003787-5
CCP(Cl)(Cl)=O,C2H5Cl2OP,146.940261,"ETHYLPHOSPHONIC DICHLORIDE",1066-50-8,X1003795-7
Cl[Si](Cl)(Cl)CC,C2H5Cl3Si,163.5056,ETHYLTRICHLOROSILANE,115-21-9,X1003797-1
CC[Al](CC)Cl.CC[Al](Cl)Cl,C6H15Al2Cl3,247.505376,"ETHYLALUMINUM SESQUICHLORIDE",12075-68-2,X1003800-3
O=[N+]([O-])[O-].O=[N+]([O-])[O-].O=[N+]([O-])[O-].[H]O[H].[H]O[H].[H]O[H].[H]O[H].[H]O[H].[H]O[H].[H]O[H].[H]O[H].[H]O[H].[Fe+3],FeH18N3O18,403.99722,"Ferric nitrate Nonahydrate",7782-61-8,X1003806-5
FC1=CC=CC=C1,C6H5F,96.1023032,Fluorobenzene,462-06-6,X1003808-9
O=C(C(F)(F)F)C(F)(F)F.[H]O[H],C3H2F6O2,184.0371992,"HEXAFLUOROACETONE TRIHYDRATE",34202-69-2,X1003817-8
C1CCCNCC1,C6H13N,99.17412,HEXAMETHYLENIMINE,111-49-9,X1003819-2
CC(C)O[N+]([O-])=O,C3H7NO3,105.09258,"ISOPROPYL NITRATE",1712-64-7,X1003827-4
O=C(CCCCCCCCCCC)OOC(CCCCCCCCCCC)=O,C24H46O4,398.61964,"LAUROYL PEROXIDE",105-74-8,X1003829-8
[H][B-]([H])([H])[H].[Li+],BH4Li,21.78376,"LITHIUM BOROHYDRIDE",16949-15-8,X1003837-0
[Li]1O[Li]O1,Li2O2,45.8808,"LITHIUM PEROXIDE",12031-80-0,X1003839-4
O=[N+]([O-])[O-].O=[N+]([O-])[O-].[H]O[H].[Hg+2],H2HgN2O7,342.61508,"Mercuric nitrate Monohydrate",7783-34-8,X1003849-0
O=C(OC)CBr,C3H5BrO2,152.9746,"METHYL BROMOACETATE",96-32-2,X1003857-2
O=C(OC)Cl,C2H3ClO2,94.49702,"METHYL CHLOROFORMATE",79-22-1,X1003859-6
O=C(OC)CC,C4H8O2,88.10512,"METHYL PROPIONATE",554-12-1,X1003867-8
CC(C)=CC,C5H10,70.1329,2-METHYL-2-BUTENE,513-35-9,X1003877-4
[O-]S([O-])(=O)=O.[O-]S([O-])(=O)=O.[H]O[H].[H]O[H].[H]O[H].[H]O[H].[H]O[H].[H]O[H].[NH4+].[NH4+].[Ni+2],H20N2NiO14S2,394.9872,"Ammonium nickel(II) sulfate Hexahydrate",7785-20-8,X1003879-8
FC1(F)C(F)(F)C(F)(F)C1(F)F,C4F8,200.0300256,Octafluorocyclobutane,115-25-3,X1003889-4
Cl[Si](Cl)(C1=CC=CC=C1)Cl,C6H5Cl3Si,211.5484,PHENYLTRICHLOROSILANE,98-13-5,X1003897-6
[O-]S(O)=O.[K+],HKO3S,120.16944,"Potassium Bisulphite",1310-61-8,X1003908-4
CCCS,C3H8S,76.16062,1-PROPANETHIOL,107-03-9,X1003918-0
[O-]S(=O)(O)=O.[H]O[H].[Na+],H3NaO5S,138.07559,"Sodium bisulfate Monohydrate",10034-88-5,X1003928-6
[O-]Cl=O.[Na+],ClNaO2,90.44157,"SODIUM CHLORITE",7758-19-2,X1003930-6
O=[Se]([O-])[O-].[Na+].[Na+],Na2O3Se,172.93774,"SODIUM SELENITE FOR THE GLASS INDUSTRY",10102-18-8,X1003938-2
O=[V-](=O)=O.[Na+],NaO3V,121.92947,"Sodium Metavanadate",13718-26-8,X1007566-2
[O-]Cl(=O)=O.[O-]Cl(=O)=O.[Sr+2],Cl2O6Sr,254.5224,"Strontium Chlorate, 99.9%",7791-10-8,X1003941-9
O=C(OOC(C)(C)C)C(C)(C)C,C9H18O3,174.23742,"tert-BUTYL PEROXY PIVALATE",927-07-1,X1003949-5
O=C=NC(C)(C)C,C5H9NO,99.13106,"TERT-BUTYL ISOCYANATE",1609-86-5,X1003951-5
[O-2].[Tl+3].[O-2].[Tl+3].[O-2],O3Tl2,456.7648,"THALLIUM(III) OXIDE",1314-32-5,X1003959-1
S=C(O)C,C2H4OS,76.11756,"Thioacetic acid",507-09-5,X1003961-1
[H]C(F)(F)F,CHF3,70.0138496,TRIFLUOROMETHANE,75-46-7,X1003972-4
NC(N)=O.O=N(O)=O,CH5N3O4,123.0681,"Urea Nitrate",17687-37-5,X1043709-3
[Cl-].[V+4].[Cl-].[Cl-].[Cl-],Cl4V,192.7535,"VANADIUM(IV) CHLORIDE",7632-51-1,X1003983-7
[O-2].[O-2].[O-2].[V+3].[V+3],O3V2,149.8812,"VANADIUM(III) OXIDE",1314-34-7,X1003985-1
[Zn+2].[F-].[F-],F2Zn,103.3868064,"ZINC FLUORIDE",7783-49-5,X1003993-3
O=[N+]([O-])[O-].O=[N+]([O-])[O-].[H]O[H].[Zn+2],H2N2O7Zn,207.41508,"Zinc nitrate",7779-88-6,X1009979-7
O=C(C1=C2C=CC=C1)C(C(N)=C(C)C=C3)=C3C2=O,C15H11NO2,237.25334,"DISPERSE ORANGE 11",82-28-0,X1004004-5
O=C(C1=C2C=CC=C1)C(C=C(N)C=C3)=C3C2=O,C14H9NO2,223.22676,2-AMINOANTHRAQUINONE,117-79-3,X1004007-6
O=[Cr](O)(O)=O,CrH2O4,118.00958,"CHROMIC ACID",7738-94-5,X1004015-8
O=S([O-])([O-])=O.[Ni+2],NiO4S,154.756,"NICKEL SULFATE SOLUTION",7786-81-4,X1004030-5
CN(N=O)C(N)=O,C2H5N3O2,103.08,"N-Nitroso-N-methylurea Bulk Package",684-93-5,X1004041-8
NC1=C(OC)C=CC=C1.[H]Cl,C7H10ClNO,159.6134,"p-ANISIDINE HCl",134-29-2,X1004043-2
CC([O-])=O.CC([O-])=O.[Cu+2],C4H6CuO4,181.63404,"CUPRIC ACETATE",142-71-2,X1004053-8
C[Si](OCC)(C)OCC,C6H16O2Si,148.27554,DIETHOXYDIMETHYLSILANE,78-62-6,X1004064-1
Cl[Si](C1=CC=CC=C1)(C2=CC=CC=C2)Cl,C12H10Cl2Si,253.1993,DIPHENYLDICHLOROSILANE,80-10-4,X1004081-2
C[Si](Cl)(C1=CC=CC=C1)Cl,C7H8Cl2Si,191.12992,METHYL-PHENYL-DICHLOROSILANE,149-74-6,X1004095-6
O=C(OC1=CC(C)=C(SC)C(C)=C1)NC,C11H15NO2S,225.3073,Methiocarb,2032-65-7,X1004105-7
NC(NO)=O,CH4N2O2,76.05466,Hydroxyurea,127-07-1,X1004114-6
[Ni+2].[Cl-].[Cl-],Cl2Ni,129.5994,"NICKEL(II) CHLORIDE",7718-54-9,X1004116-0
[Li]C(C)CC,C4H9Li,64.05526,SEC-BUTYLLITHIUM,598-30-1,X1004130-0
CC1OC(C)OC(C)OC(C)O1,C8H16O4,176.21024,Metaldehyde,9002-91-9,X1267262-1
O=C([O-])CCCCCCCCCCCCCCCCC.[O-]C(CCCCCCCCCCCCCCCCC)=O.O=C([O-])CCCCCCCCCCCCCCCCC.[Al+3],C54H105AlO6,877.389438,"ALUMINIUM STEARATE",637-12-7,X1004152-6
O=C(OC(C)C)/C=C(C)/C=C/CC(C)CCCC(OC)(C)C,C19H34O3,310.47146,METHOPRENE,40596-69-8,X1004154-0
CN(C)CC/C=C1C2=C(C=CC=C2)OCC3=C/1C=CC=C3,C19H21NO,279.37614,"Doxepin, Hydrochloride",1668-19-5,X1004163-9
COC1=CC=C2C(C=CC([C@H](C)C(O)=O)=C2)=C1,C14H14O3,230.25916,NAPROXEN,22204-53-1,X1004165-3
FC(C=C(C(C(O)=O)C)C=C1)=C1C2=CC=CC=C2,C15H13FO2,244.2609232,Flurbiprofen,5104-49-4,X1004173-5
OCCOCCN1CCN(C(C(C=C2)=CC=C2Cl)C3=CC=CC=C3)CC1.[H]Cl.[H]Cl,C21H29Cl3N2O2,447.82616,"Hydroxyzine Dihydrochloride",2192-20-3,X1004175-9
CNCCC=C1C2=C(C=CC=C2)CCC3=C1C=CC=C3.[H]Cl,C19H22ClN,299.83768,"Nortriptyline Hydrochloride",,X1206207-8
O=C(N[C@@H]1C(N(S(O)(=O)=O)[C@H]1C)=O)/C(C2=CSN(C)=N2)=N\OC(C)(C)C(O)=O,C13H18N5O8S2,436.44072,AZTREONAM,78110-38-0,X1004186-2
O=C1[C@@H](NC(/C(C2=CSC(N)=N2)=N\OC)=O)[C@]3([H])N1C(C([O-])=O)=C(COC(C)=O)CS3.[Na+],C16H16N5NaO7S2,477.44731,"Cefotaxime Sodium Salt",64485-93-4,X1004218-9
CC1=C(C2=CC(F)=CC=C2/C1=C\C3=CC=C(S(C)=O)C=C3)CC(O)=O,C20H17FO3S,356.4105832,Sulindac,38194-50-2,X1004220-9
O=C(O)CCC1=NC(C2=CC=CC=C2)=C(C3=CC=CC=C3)O1,C18H15NO3,293.3166,Oxaprozin,21256-18-8,X1004240-1
CC1NC2=CC(Cl)=C(S(N)(=O)=O)C=C2C(N1C3=CC=CC=C3C)=O,C16H16ClN3O3S,365.83454,metolazone,17560-51-9,X1004250-7
CC1(C)[C@H](C(O)=O)N2C([C@@H](NC(C3=C(C)ON=C3C4=C(Cl)C=CC=C4Cl)=O)[C@@]2([H])S1)=O,C19H17Cl2N3O5S,470.32638,DICLOXACILLIN,3116-76-5,X1004258-3
CC(COC(N)=O)(CCC)COC(N)=O,C9H18N2O4,218.25022,Meprobamate,57-53-4,X1004268-9
O=C(N1)NC(C(CC(C)C)(CC=C)C1=O)=O,C11H16N2O3,224.25634,Butalbital,77-26-9,X1004278-5
ClC1=CC(C(C2=CC=CC=C2Cl)=NCC3=NN=C(C)N43)=C4C=C1,C17H12Cl2N4,343.20998,Triazolam,28911-01-5,X1004290-1
O=C1CN=C(C2=C(Cl)C=CC=C2)C3=CC([N+]([O-])=O)=CC=C3N1,C15H10ClN3O3,315.7112,Clonazepam,1622-61-3,X1004302-6
CCC1=CC=CC2=C1NC3=C2CCOC3(CC)CC(O)=O,C17H21NO3,287.35354,Etodolac,41340-25-4,X1004312-2
O=C(N1C)C(CC)(NC1=O)C2=CC=CC=C2,C12H14N2O2,218.25176,(±)-Mephenytoin,50-12-4,X1004330-0
ClC1=C(N)N=C(N)C(C(NC(N)=N)=O)=N1.[H]Cl,C6H9Cl2N7O,266.08796,"Amiloride Hydrochloride: Hydrate",2016-88-8,X1004332-4
CC1(C)[C@H](C(O)=O)N2C([C@@H](NC(C3=C(C=CC=C4)C4=CC=C3OCC)=O)[C@@]2([H])S1)=O,C21H22N2O5S,414.47478,"NAFCILLIN SODIUM",985-16-0,X1198510-3
OC1=C(O2)C([C@@]3([C@@H]2C(CC4)=O)[C@@]4(O)[C@H](N(CC=C)CC3)C5)=C5C=C1.[H]Cl,C19H22ClNO4,363.83528,"Naloxone Hydrochloride",357-08-4,X1004342-0
CC/C(C1=CC=CC=C1)=C(C2=CC=C(C=C2)OCCN(C)C)/C3=CC=CC=C3,C26H29NO,371.51456,"Tamoxifen Free Base",10540-29-1,X1004350-2
FC1=C(N2CCNCC2)C=C3C(C(C(C(O)=O)=CN3CC)=O)=C1,C16H18FN3O3,319.3308232,Norfloxacin,70458-96-7,X1004352-6
O=C1OC2=CC=C(Cl)C=C2N1,C7H4ClNO2,169.56516,Chlorzoxazone,95-25-0,X1004360-8
CCN(CCCC(NC1=CC=NC2=CC(Cl)=CC=C12)C)CCO,C18H26ClN3O,335.87154,"Hydroxychloroquine sulfate",747-36-4,X1004372-8
S=C(NC(CCC)=C1)NC1=O,C7H10N2OS,170.2321,6-n-Propyl-2-thiouracil,51-52-5,X1004381-7
ClC1=CC(C(C2=CC=CC=C2)=NCC3=NN=CN43)=C4C=C1,C16H11ClN4,294.73834,Estazolam,29975-16-4,X1004383-1
O=C1N(C)CC2=C(C(OCC)=O)N=CN2C3=C1C=C(F)C=C3,C15H14FN3O3,303.2883632,Flumazenil,78755-81-4,X1004391-3
CC(C)(C1=CC=C(C(CCCN2CCC(C(C3=CC=CC=C3)(C4=CC=CC=C4)O)CC2)O)C=C1)C,C32H41NO2,471.67344,Terfenadine,50679-08-8,X1004393-7
NC(C1=CC(CC)=NC=C1)=S,C8H10N2S,166.2434,Ethionamide,536-33-4,X1004421-6
C[C@@]12[C@](CC[C@]3([H])C2CC[C@@]4(C)[C@@]3([H])CC[C@]4(C)O)([H])CC5=C(C=NN5)C1.C[H],C22H36N2O,344.53404,Stanozolol,10418-03-8,X1004431-2
ClC(C=C1)=CC2=C1N3C(C)=NN=C3CN=C2C4=CC=CC=C4,C17H13ClN4,308.76492,Alprazolam,28981-97-7,X1004433-6
CC(CO)(C)CO,C5H12O2,104.14758,"2,2-DIMETHYL-1,3-PROPANEDIOL",126-30-7,X1004444-9
N12[Cu]N3C4=NC(C5=CC=CC=C65)=NC6=NC1=C(C=CC=C7)C7=C2N=C8N=C(C9=CC=CC=C89)N=C3C%10=CC=CC=C4%10,C32H16CuN8,576.06904,"Copper(II) phthalocyanine",147-14-8,X1004446-3
ClC(C(F)(F)F)=O,C2ClF3O,132.4690096,"TRIFLUOROACETYL CHLORIDE",354-32-5,X1004454-5
S=P(OCC)(OCC)OC1=NC(N(CC)CC)=NC(C)=C1,C13H24N3O3PS,333.386721,Pirimiphos-ethyl,23505-41-1,X1004456-9
O=[As]([O-])([O-])[O-].[NH4+].[NH4+].[NH4+],AsH12N3O4,193.03458,"AMMONIUM ARSENATE",7784-44-3,X1004467-2
O=C(OCC#CCCl)NC1=CC=CC(Cl)=C1,C11H9Cl2NO2,258.10066,Barban,101-27-9,X1004480-5
[Ba]=S,BaS,169.392,"BARIUM SULFIDE",21109-95-5,X1004483-6
OC1=C(Br)C=C(/C=N/OC2=CC=C([N+]([O-])=O)C=C2[N+]([O-])=O)C=C1Br,C13H7Br2N3O6,461.01918,Bromofenoxim,13181-17-4,X1004493-2
F[Si-2](F)(F)(F)(F)F.[Ca+2],CaF6Si,182.1539192,"CALCIUM FLUORO SILICATE",16925-39-6,X1004502-6
ClC1=CC(Cl)=C(OP(OC)(OC)=S)N=C1Cl,C7H7Cl3NO3PS,322.533141,"Chlorpyrifos Methyl",5598-13-0,X1004515-3
O=C1C(C2C(C=CC=C3)=C3CCC2)=C(O)C4=CC=CC=C4O1,C19H16O3,292.32854,Coumatetralyl,5836-29-3,X1004526-6
O=P(OCC)(OCC)SCCSCC,C8H19O3PS2,258.338421,"Demeton S",126-75-0,X1004541-3
ClN(C([N-]C1=O)=O)C(N1Cl)=O.[Na+],C3Cl2N3NaO3,219.94617,"Dichloroisocyanuric acid Sodium Salt",2893-78-9,X1004550-2
OC(C(C=CC=C1)=C1OC2=O)=C2CC(C3=O)=C(C(C=CC=C4)=C4O3)O,C19H12O6,336.29498,"3,3'-Methylene-bis(4-hydroxycoumarin)",66-76-2,X1004553-3
CC(O)CN(C)C,C5H13NO,103.16282,1-DIMETHYLAMINO-2-PROPANOL,108-16-7,X1004561-5
ClS(N(C)C)(=O)=O,C2H6ClNO2S,143.59254,"N,N-DIMETHYLSULFAMOYL CHLORIDE",13360-57-1,X1004563-9
CC(C(C=C([N+]([O-])=O)C=C1[N+]([O-])=O)=C1O)CCC,C11H14N2O5,254.23926,"4-(2',4'-DINITROPHENYLAZO)PHENOL",4097-36-3,X1004572-8
CNC(OC1=C(C2OCCO2)C=CC=C1)=O,C11H13NO4,223.22522,Dioxacarb,6988-21-2,X1004574-2
O=S(OC1=CC=C(Cl)C=C1)(C2=CC=CC=C2)=O,C12H9ClO3S,268.71606,Fenson,80-38-6,X1004593-7
CC(O[Sn](C1=CC=CC=C1)(C2=CC=CC=C2)C3=CC=CC=C3)=O,C20H18O2Sn,409.06572,"TRIPHENYLTIN ACETATE",900-95-8,X1004595-1
C1(C2=CC=CO2)=NC3=CC=CC=C3N1,C11H8N2O,184.19402,Fuberidazole,3878-19-1,X1004606-9
ClC1OC(Cl)C2C3(Cl)C(Cl)=C(Cl)C(Cl)(C3(Cl)Cl)C21,C9H4Cl8O,411.75146,Isobenzan,297-78-9,X1004616-5
ClC12C3C(C4C=CC3C4)C(C2(Cl)Cl)(Cl)C(Cl)=C1Cl,C12H8Cl6,364.90992,ISODRIN,465-73-6,X1004618-9
CC1=C(C=CC(Cl)=C1)OCCCC(O)=O,C11H13ClO3,228.67212,Gly-Val-Leu-Ser-Asn-Val-Ile-Gly-Tyr-Leu-Lys-Lys-Le,,
CC(CC(OC)=O)=O,C5H8O3,116.11522,"Methyl acetoacetate",105-45-3,X1004653-8
COC1=C(Cl)C=C(NC(N(C)C)=O)C=C1,C10H13ClN2O2,228.67542,Metoxuron,19937-59-8,X1004655-2
CN(C1=CC=C(N)C=C1)C,C8H12N2,136.19428,"N,N-Dimethyl-p-phenylenediamine Free Base",99-98-9,X1004664-1
NCCNCCNCCNCCNCCN,C10H28N6,232.36952,PENTAETHYLENEHEXAMINE,4067-16-7,X1004685-0
Cl[As](Cl)C1=CC=CC=C1,C6H5AsCl2,222.9315,"Phenyl dichloroarsine",696-28-6,X1004687-4
[O-][N+](C(C=C([N+]([O-])=O)C=C1[N+]([O-])=O)=C1Cl)=O,C6H2ClN3O6,247.54958,"2,4,6-Trinitrochlorobenzene",88-88-0,X1004696-3
O=C(C(C(C)=N1)=CN2C1=CC(OP(OCC)(OCC)=S)=N2)OCC,C14H20N3O5PS,373.364461,Pyrazophos,13457-18-6,X1004708-8
[S-2].[Na+].[Na+],Na2S,78.04454,"SODIUM SULFIDE",1313-82-2,X1004721-1
S=C(SCC(Cl)=C)N(CC)CC,C8H14ClNS2,223.78646,"2-CHLOROALLYL DIETHYL- DITHIOCARBAMATE, TECH",95-06-7,X1004725-9
OCCSCCO,C4H10O2S,122.186,Thiodiglycol,111-48-8,X1004735-5
ClC(Cl)(Cl)C#N,C2Cl3N,144.3871,TRICHLOROACETONITRILE,545-06-2,X1004747-5
P(OC1=CC=CC=C1)(OC2=CC=CC=C2)OC3=CC=CC=C3,C18H15O3P,310.283661,"TRIPHENYL PHOSPHITE",101-02-0,X1004768-4
CN1C=CN=C1,C4H6N2,82.10384,1-Methylimidazole,616-47-7,X1004780-0
O=CC(C=CC=C1)=C1Cl,C7H5ClO,140.567,2-CHLOROBENZALDEHYDE,89-98-5,X1004788-6
[O-][N+](C1=CC(OC)=CC=C1N)=O,C7H8N2O3,168.15002,"Fast Bordeaux GP salt",96-96-8,X1004790-6
NC1=CC=CC(C)=C1C,C8H11N,121.17964,"XYLIDINE MIXTURE OF ISOMERS",87-59-2,X1004796-8
O=S(O)(O)=O.CC(C=C(N)C=C1)=C1N,C7H12N2O4S,220.24618,"2,5-Diaminotoluene Sulfate Salt",615-50-9,X1004801-4
CNC(O/N=C/C(C)(S(C)(=O)=O)C)=O,C7H14N2O4S,222.26206,Aldoxycarb,1646-88-4,X1004829-2
O=C1C(Cl)=C(N)C=NN1C2=CC=CC=C2,C10H8ClN3O,221.64302,5-AMINO-4-CHLORO-2-PHENYL-2H-PYRIDAZIN-3-ONE,1698-60-8,X1004831-2
ClC1=CC(Cl)=C(Cl)C=C1OCC(OCCOCCCC)=O,C14H17Cl3O4,355.64138,"2.4.5-T butoxyethyl ester",2545-59-7,X1004841-8
O=C(N1C(C)(C)C)C(Cl)=C(C)NC1=O,C9H13ClN2O2,216.66472,"3-TERT-BUTYL-5-CHLORO-6-METHYL-1H-PYRIMIDINE-2,4-D",,
O=P(O)(O)CCCl,C2H6ClO3P,144.494001,"2-Chloroethylphosphonic acid",16672-87-0,X1004862-7
CC(CC)NC1=NC(OC)=NC(NCC)=N1,C10H19N5O,225.29076,Secbumeton,26259-45-0,X1004873-0
ClC(Cl)(Cl)C(N1CCN(C(NC=O)C(Cl)(Cl)Cl)CC1)NC=O,C10H14Cl6N4O2,434.96176,Triforine,26644-46-2,X1004875-4
CCCN(C1=C([N+]([O-])=O)C=C(C(F)(F)F)C=C1[N+]([O-])=O)CCCl,C12H13ClF3N3O4,355.6975296,Fluchloralin,33245-39-5,X1004883-6
O=C(NC(NC1=CC=C(Cl)C=C1)=O)C2=C(F)C=CC=C2F,C14H9ClF2N2O2,310.6832664,Diflubenzuron,35367-38-5,X1004885-0
CCOP(OCC)(OC1=NN(C(C)C)C(Cl)=N1)=S,C9H17ClN3O3PS,313.741341,Isazophos,42509-80-8,X1004893-2
O=C(C(C)(C)C)C(N1C=NC=N1)OC2=CC=C(Cl)C=C2,C14H16ClN3O2,293.74874,Triadimefon,43121-43-3,X1004895-6
CC(C)(C(C(N1C=NC=N1)OC2=CC=C(C=C2)Cl)O)C,C14H18ClN3O2,295.76462,Baytan¿,55219-65-3,X1004904-0
O=S1(CCS(C(C)=C1C)(=O)=O)=O,C6H10O4S2,210.2712,Dimethipin,55290-64-7,X1004906-4
FC1=C(C(Cl)=CC=C1)CN(C2=C(C=C(C=C2[N+]([O-])=O)C(F)(F)F)[N+]([O-])=O)CC,C16H12ClF4N3O4,421.7307928,"Flumetralin (100ug/ml in Acetone)",62924-70-3,X1004914-6
O=S(C1=C(Cl)C=CC=C1)(NC(NC2=NC(C)=NC(OC)=N2)=O)=O,C12H12ClN5O4S,357.77278,Chlorsulfuron,64902-72-3,X1004916-0
CC(C(C1=CC=C(C=C1)OC(F)F)C(OC(C2=CC=CC(OC3=CC=CC=C3)=C2)C#N)=O)C,C26H23F2NO4,451.4619264,Flucythrinate,70124-77-5,X1004924-2
O=C(NS(=O)(C)=O)C1=CC(OC2=CC=C(C(F)(F)F)C=C2Cl)=CC=C1[N+]([O-])=O,C15H10ClF3N2O6S,438.7629096,Fomesafen,72178-02-0,X1004927-3
O=C(OC)C1=C(S(NC(NC2=NC(C)=NC(OC)=N2)=O)(=O)=O)C=CS1,C12H13N5O6S2,387.39152,Pinnacle¿,79277-27-3,X1004936-2
CC(C1(N=C(C2=NC3=CC=CC=C3C=C2C(O)=O)NC1=O)C)C,C17H17N3O3,311.33518,Imazaquin,81335-37-7,X1004938-6
O=C(OC)C1=CC=CC=C1CS(=O)(NC(NC2=NC(OC)=CC(OC)=N2)=O)=O,C16H18N4O7S,410.40172,"Benzsulfuron methyl",83055-99-6,X1004946-8
FC(F)(F)C1=CC(Cl)=C(N[C@H](C(C)C)C(OC(C#N)C2=CC=CC(OC3=CC=CC=C3)=C2)=O)C=C1,C26H22ClF3N2O3,502.9126896,TAU-FLUVALINATE,102851-06-9,X1004956-4
CCCC=C(C)C(O)=O,C7H12O2,128.16898,"2-METHYL-2-HEXENOIC ACID",28897-58-7,X1004958-8
CCC(OCCC(C)C)=O,C8H16O2,144.21144,"Iso Amyl Propionate",105-68-0,X1004966-0
C[C@@H]1CC[C@@H](C(C)C)C(C1)=O,C10H18O,154.24932,MENTHONE,10458-14-7,X1267087-8
NCC1=CC(O)=NO1,C4H6N2O2,114.10264,Muscimol,2763-96-4,X1004977-3
S=P(OCC)(OCC)OC1=NC=CN=C1,C8H13N2O3PS,248.239181,Zinophos¿,297-97-2,X1004979-7
NC(NC1=CC=CC=C1)=S,C7H8N2S,152.21682,N-PHENYLTHIOUREA,103-85-5,X1004987-9
ClC(Cl)C(C1=CC=C(Cl)C=C1)C(C=CC=C2)=C2Cl,C14H10Cl4,320.0412,"1-(o-Chlorophenyl)-1-(p-chlorophenyl)-2,2-dichloro",,
C12=C3C4=C(C=CC=C5)C5=CC3=CC=C1C=C6C(C=CC=C6)=C2C=C4,C24H14,302.36796,BENZO(RST)PENTAPHENE,189-55-9,X1004999-9
S=C(NC(C)=C1)NC1=O,C5H6N2OS,142.17894,4-METHYL-2-THIOURACIL,56-04-2,X1005018-3
O=C(OCC)N(N=O)C,C4H8N2O3,132.11792,N-Nitroso-N-methylurethane,615-53-2,X1005020-3
N#C[Ag-]C#N.[K+],C2AgKN2,199.0013,"POTASSIUM DICYANOARGENTATE",506-61-6,X1005028-9
O=[Se]([O-])[O-].[Tl+].[Tl+],O3SeTl2,535.7248,"THALLIUM SELENITE, Tl2SeO3",12039-52-0,X1005030-9
CC(CCl)OC(C)CCl,C6H12Cl2O,171.06488,bis(2-Chloro-1-methylethyl)ether,108-60-1,X1005038-5
OC1=CC=CC(O2)=C1C(C3=C2C4=C(C=C3OC)O[C@@]5([H])OC=C[C@]54[H])=O,C18H12O6,324.28428,Sterigmatocystin,10048-13-2,X1005066-9
CC=CC1=CC=C(OC)C=C1,C10H12O,148.20168,trans-Anethole,104-46-1,X1005077-2
O/N=C(C=C/1)/C=CC1=N\O,C6H6N2O2,138.12404,"1,4-BENZOQUINONE DIOXIME",105-11-3,X1005079-6
OCCNN,C2H8N2O,76.09772,2-HYDROXYETHYLHYDRAZINE,109-84-2,X1005087-8
C[Hg]Cl,CH3ClHg,251.07752,"METHYLMERCURY(II) CHLORIDE",115-09-3,X1005099-8
O=S(C1=CC=C(Cl)C=C1)(C2=C(Cl)C=C(Cl)C(Cl)=C2)=O,C12H6Cl4O2S,356.05184,Tetradifon,116-29-0,X1005103-7
O=[As](O)(C1=CC=C(NC(N)=O)C=C1)O,C7H9AsN2O4,260.07896,"N-CARBAMOYLARSANILIC ACID",121-59-5,X1005112-6
O=C(OCCC)C1=CC(O)=C(O)C(O)=C1,C10H12O5,212.19928,"n-Propyl gallate",121-79-9,X1005114-0
CC1(C)CCCC(C)=C1/C=C/C(C)=C/C=C/C(C)=C/COC(C)=O,C22H32O2,328.48828,"VITAMIN A ACETATE",127-47-9,X1005126-0
Cl[Ti]12345678(C9=C1C2=C3C49)(C%10C5=C6C7=C8%10)Cl,C10H2Cl2Ti,240.89588,"TITANOCENE DICHLORIDE",1271-19-8,X1005127-7
OC1=C(C=CC(O)=C1)CCCCCC,C12H18O2,194.27012,4-Hexylresorcinol,136-77-6,X1005148-6
C=CCC1=CC=C(OC)C=C1,C10H12O,148.20168,4-Allylanisole,140-67-0,X1005158-2
NC(CI)=O,C2H4INO,184.96373,Iodoacetamide,144-48-9,X1005169-5
O=S(O)(O)=O.NNCCC1=CC=CC=C1,C8H14N2O4S,234.27276,"Phenelzine Sulfate Salt",156-51-4,X1005180-4
O=C(OCC)C(CC(OCC)=O)SP(OC)(OC)=O,C10H19O7PS,314.292421,Malaoxon,1634-78-2,X1005189-7
O=C(/C(COC1=O)=C\CN(C)CC2)C2OC(/C(CC(C)C1(O)C)=C\C)=O,C19H27NO6,365.42078,Senkirkin,2318-18-5,X1005245-0
O=C(O)CCCCCCCCCCN,C11H23NO2,201.30582,"11-AMINOUNDECANOIC ACID",2432-99-7,X1005253-2
C1(C=CC=C2)=C2OC(C=CC=C3)=C3O1,C12H8O2,184.19072,Dibenzo-p-dioxin,262-12-4,X1005274-1
CC(C)CC(OCC=C)=O,C8H14O2,142.19556,ALLYLISOVALERATE,2835-39-4,X1005285-4
FC1=CC=C(C2=CC=C(N)C=C2)C=C1,C12H10FN,187.2129032,4'-FLUORO-4-AMINOBIPHENYL,,X1169577-3
ClC1=CC2=C(C=C1)OC3=C(C=CC(Cl)=C3)O2,C12H6Cl2O2,253.08084,"2,7-Dichlorodibenzo-p-dioxin",33857-26-0,X1005320-8
O=S1OCCO1,C2H4O3S,108.11636,"ETHYLENE SULFITE",3741-38-6,X1005344-8
CCN(CC1=CC(S([O-])(=O)=O)=CC=C1)C2=CC=C(C=C2)/C(C3=CC=CC=C3)=C(C=C/4)\C=CC4=[N+](CC)/CC5=CC(S([O-])(=O)=O)=CC=C5.[Na+],C37H35N2NaO6S2,690.80337,"GUINEA GREEN B (C.I. 42085)",4680-78-8,X1005381-1
SC1=C(N=CN2)C2=NC=N1,C5H4N4S,152.17706,"6-Thiopurine, 99% - Carc.",,
NC1=C(C)C=CC(C)=C1.[H]Cl,C8H12ClN,157.64058,"2,5-Xylidine, Hydrochloride -Carc.",51786-53-9,X1005401-8
S=P(N1CC1)(N2CC2)N3CC3,C6H12N3PS,189.218341,Triethylenethiophosphoramide,52-24-4,X1005403-2
NC1=CC=C(C2=CC=C(N)C=C2)C=C1.Cl[H].Cl[H],C12H14Cl2N2,257.15896,"Benzidine Dihydrochloride",531-85-1,X1005414-5
O=C(NCC1CCCCN1)C2=CC(OCC(F)(F)F)=CC=C2OCC(F)(F)F.CC(O)=O,C19H24F6N2O5,474.3946792,"Flecainide Acetate Salt",54143-56-5,X1005424-1
O=C1CN(C(C2CCCCC2)=O)CC3N1CCC4=CC=CC=C34,C19H24N2O2,312.40606,Praziquantel,55268-74-1,X1005434-7
O=C(O)[C@@H](N)CCC(O)=O,C5H9NO4,147.12926,"L(+)-GLUTAMIC ACID",56-86-0,X1005450-1
ClC([H])([H])F,CH2ClF,68.4779832,monochloromonofluoromethane,593-70-4,X1005479-6
S=C(NC=C1)N1C,C4H6N2S,114.16884,METHIMAZOL,60-56-0,X1005490-5
O=NC(C=CC=C1)=C1C,C7H7NO,121.13658,2-NITROSOTOLUENE,611-23-4,X1005500-6
NC1=C(Cl)C=C(N)C=C1.OS(O)(=O)=O,C6H9ClN2O4S,240.66466,"2-CHLORO-1,4-PHENYLENEDIAMINE SULFATE",61702-44-1,X1005511-9
O=C(C1=CC=C(NN)C=C1)O,C7H8N2O2,152.15062,"4-HYDRAZINOBENZOIC ACID",619-67-0,X1005513-3
O=CNNC=O,C2H4N2O2,88.06536,"1,2-DIFORMYLHYDRAZINE",628-36-4,X1005522-2
[O-]C[C@H](C1OC(C(O)=C1O)=O)O.[Na+],C6H7NaO6,198.10595,"D(+)-Isoascorbic acid, sodium salt",6381-77-7,X1005537-3
CN(N=O)CCCC(C1=CC=CN=C1)=O,C10H13N3O2,207.22912,4-(N-Nitrosomethylamino)-1-(3-pyridyl)-1-butanone,64091-91-4,X1005545-5
OC([C@@H](N)CCSCC)=O,C6H13NO2S,163.23792,DL-Ethionine,67-21-0,X1005556-8
NC1=CC=C2N=C(C=CC=C3)N3C2=N1,C10H8N4,184.19732,"2-Aminodipyrido[1,2-a:3',2-D]imidazole, Hydrochlor",,
CC(N(CC)CC)=O,C6H13NO,115.17352,"N,N-DIETHYLACETAMIDE",685-91-6,X1005570-8
ClCC1=CC=CC=N1.[H]Cl,C6H7Cl2N,164.03248,"2-(CHLOROMETHYL)PYRIDINE HYDROCHLORIDE",6959-47-3,X1005572-2
CNCCC1=CC(OC(C(C)C)=O)=C(OC(C(C)C)=O)C=C1,C17H25NO4,307.3847,"Ibopamine hydrochloride",75011-65-3,X1005594-8
BrC(CC)(CC)C(NC(N)=O)=O,C7H13BrN2O2,237.09432,BROMODIETHYLACETYLUREA,77-65-6,X1005612-1
CC1(C2=CC=CC=C2)C(C(OCC)=O)O1,C12H14O3,206.23776,"ETHYL 3-METHYL-3-PHENYLGLYCIDATE",77-83-8,X1005614-5
O=C(C1=CC=C(N)C=C1)NC2=CC=C(N)C=C2,C13H13N3O,227.26182,"4,4'-DIAMINOBENZANILIDE",785-30-8,X1005622-7
CC1(C)CCCC(C)=C1/C=C/C(C)=C/C=C/C(C)=C/COC(CCCCCCCCCCCCCCC)=O,C36H60O2,524.8604,"VITAMIN A PALMITATE",79-81-2,X1005624-1
N=C(NC(N)=N)NCCC1=CC=CC=C1.[H]Cl,C10H16ClN5,241.72054,"Phenformin Hydrochloride",834-28-6,X1005644-3
CC1=CC=CC=C1S(N)(=O)=O,C7H9NO2S,171.21686,O-TOLUENESULFONAMIDE,88-19-7,X1005654-9
CC1=CC(C=CC=N2)=C2C=C1,C10H9N,143.18516,6-Methylquinoline,91-62-3,X1005673-4
O=C(C=C)NCO,C4H7NO2,101.10388,"N-(HYDROXYMETHYL)ACRYLAMIDE SOLUTION",924-42-5,X1005683-0
NC(C=C(Cl)C=C1)=C1N,C6H7ClN2,142.58618,"4-CHLORO-1,2-DIAMINOBENZENE",95-83-0,X1005691-2
OC(CNC(C)C)C1=CC=C(NS(C)(=O)=O)C=C1.[H]Cl,C12H21ClN2O3S,308.82474,"Sotalol HCI",959-24-0,X1005693-6
NC(C1=CC=CN=C1)=O,C6H6N2O,122.12464,"Niacinamide, USP",98-92-0,X1005701-3
[O-][N+](C1=CC(N)=C(N)C=C1)=O,C6H7N3O2,153.13868,4-NITRO-O-PHENYLENEDIAMINE,99-56-9,X1005703-7
CCCCCCCCCCCCCCC1CO1,C16H32O,240.42468,"1,2-EPOXYHEXADECANE",7320-37-8,X1005752-0
CC(C1)CCC(C(C)C)C1O,C10H20O,156.2652,MENTHOL,89-78-1,X1005774-6
CC(Br)Br,C2H4Br2,187.86116,"1,1-Dibromoethane",557-91-5,X1005781-1
C1=NC=NN1,C2H3N3,69.06532,"1,2,4-Triazole",41253-21-8,X1032068-0
FC(C=CC=C1)=C1F,C6H4F2,114.0927664,"1,2-DIFLUOROBENZENE",367-11-3,X1005791-7
CC1=CC(O)=CC(O)=C1,C7H8O2,124.13722,"Orcinol Monohydrate",504-15-4,X1005799-3
O=C(N1C)C(N=CN2)=C2N(C)C1=O,C7H8N4O2,180.16402,Theophylline,58-55-9,X1005801-8
CC(C1=CC=C(C(C)C)C=C1)C,C12H18,162.27132,"1,4-DIISOPROPYLBENZENE",100-18-5,X1005809-4
FC1=CC=C(F)C=C1,C6H4F2,114.0927664,"1,4-DIFLUOROBENZENE",540-36-3,X1005811-4
NCCCCCCN.Cl[H].Cl[H],C6H18Cl2N2,189.12652,"HEXAMETHYLENEDIAMINE DIHYDROCHLORIDE",6055-52-3,X1005819-0
NC1=C(C(N)=CC=C2)C2=CC=C1,C10H10N2,158.1998,"1,8-DIAMINONAPHTHALENE",479-27-6,X1005821-0
O=S(O)(C1=C(C=CC=C2)C2=C(N)C(O)=C1)=O,C10H9NO4S,239.24776,"4-Amino-3-hydroxy-1-naphthalenesulfonic acid",116-63-2,X1005829-6
O=C(C1=C2C=CC=C1)C(C(N)=CC=C3)=C3C2=O,C14H9NO2,223.22676,1-AMINOANTHRAQUINONE,82-45-1,X1005831-6
BrCCCCCl,C4H8BrCl,171.46332,1-BROMO-4-CHLOROBUTANE,6940-78-9,X1005839-2
OC1=C(C=CC=C2)C2=CC=C1C(O)=O,C11H8O3,188.17942,"1-HYDROXY-2-NAPHTHOIC ACID",86-48-6,X1005849-8
OC1C(C=CC=C2)=C2CC1,C9H10O,134.1751,(+/-)-1-INDANOL,6351-10-6,X1005851-8
CCCCCCCCCCCCCCCCCCCO,C19H40O,284.5203,1-NONADECANOL,1454-84-8,X1005859-4
CCCCCCC=C,C8H16,112.21264,1-OCTENE,111-66-0,X1005861-4
N1(C2=CC=CC=C2)CCNCC1,C10H14N2,162.23156,1-PHENYLPIPERAZINE,92-54-6,X1005869-0
C=CCCCCCCCCC,C11H22,154.29238,1-UNDECENE,821-95-4,X1005871-0
C1(C2=CC=CS2)=CC=CS1,C8H6S2,166.26324,"2,2'-BITHIOPHENE",492-97-7,X1005879-6
O=C(C(C=C(I)C=C1I)=C1I)O,C7H3I3O2,499.81093,"2,3,5-Triiodobenzoic acid Free acid",,X1217412-6
CC(C(N)=CC=C1)=C1C.[H]Cl,C8H12ClN,157.64058,"2,3-Dimethylaniline Hydrochloride",5417-45-8,X1005889-2
ClC(C=C(Cl)C(N)=C1)=C1Cl,C6H4Cl3N,196.46166,"2,4,5-TRICHLOROANILINE",636-30-6,X1005891-2
O=C(C(C=CC(O)=C1)=C1O)O,C7H6O4,154.12014,"2,4-Dihydroxybenzoic acid",89-86-1,X1005901-3
O=C(C(C=C(OC)C=C1)=C1OC)O,C9H10O4,182.1733,"2,5-DIMETHOXYBENZOIC ACID",2785-98-0,X1005909-9
NC1=C(N=CN2)C2=NC(N)=N1,C5H6N6,150.14134,"2,6-DIAMINOPURINE",1904-98-9,X1005911-9
CC(C(O)=CC=C1)=C1O,C7H8O2,124.13722,"6,7-DIHYDROXY-4-(TRIFLUOROMETHYL)-  COUMARIN*",608-25-3,X1005919-5
O=C(C(C(OC)=CC=C1)=C1OC)O,C9H10O4,182.1733,"2,6-DIMETHOXYBENZOIC ACID",1466-76-8,X1005921-5
NC(CO)(CO)CC,C5H13NO2,119.16222,"2-Amino-2-ethyl-1,3-propanediol",115-70-8,X1005931-1
[O-][N+](C1=CC=C(N)N=C1)=O,C5H5N3O2,139.1121,2-AMINO-5-NITROPYRIDINE,4214-76-0,X1005939-7
NC1=NC2=CC=CC=C2N1,C7H7N3,133.15058,2-AMINOBENZIMIDAZOLE,934-32-7,X1005941-7
O=C(C(C=CC=N1)=C1N)O,C6H6N2O2,138.12404,"2-AMINONICOTINIC ACID",5345-47-1,X1005949-3
CCOC1=CC=CC=C1N,C8H11NO,137.17904,O-PHENETIDINE,94-70-2,X1005951-3
BrC(C=CC=C1)=C1C2=CC=CC=C2,C12H9Br,233.10386,2-BROMOBIPHENYL,2052-07-5,X1005959-9
BrC(C=CC=C1)=C1O,C6H5BrO,173.0073,2-BROMOPHENOL,95-56-7,X1005961-9
NCC(C=CC=C1)=C1Cl,C7H8ClN,141.59812,2-CHLOROBENZYLAMINE,89-97-4,X1005971-5
CC(Cl)C,C3H7Cl,78.54068,2-CHLORPROPANE,75-29-6,X1005973-9
NCCOCC,C4H11NO,89.13624,2-Ethoxyethylamine,110-76-9,X1005981-1
CC(NCC)CC1=CC=C(OC)C=C1.[H]Cl,C12H20ClNO,229.7463,"2-Ethylamino-1-(4-methoxyphenyl)propane Hydrochlor",,
O=C(C(C=CC=C1)=C1F)O,C7H5FO2,140.1118032,"2-FLUOROBENZOIC ACID",445-29-4,X1005993-1
O=C(C1=CC=CC=C1)C(C=CC=C2)=C2O,C13H10O2,198.2173,2-HYDROXYBENZOPHENONE,117-99-7,X1006001-2
OC1CC2=CC=CC=C2C1,C9H10O,134.1751,2-INDANOL,4254-29-9,X1006003-6
SC1=CC(C=CC=C2)=C2C=C1,C10H8S,160.23552,"THIONICOTINAMIDE ADENINE DINUCLEOTIDE PHOSPHATE MO",,
[O-][N+](C(C=CC=C1)=C1NC(C)=O)=O,C8H8N2O3,180.16072,2'-NITROACETANILIDE,552-32-9,X1006013-2
O=[N+]([O-])C1=C(C=CC=C1)NC2=CC=CC=C2,C12H10N2O2,214.22,2-NITRODIPHENYLAMINE,,X1171247-1
[O-][N+](C(C=CC=C1)=C1CC(O)=O)=O,C8H7NO4,181.14548,"2-NITROPHENYLACETIC ACID",3740-52-1,X1006023-8
CC(C1=CC=CC=C1)CO,C9H12O,136.19098,S(+)-1-PHENYL-2-PROPANOL,1123-85-9,X1006033-4
O=C(O)CCSCCC(O)=O,C6H10O4S,178.2062,"3,3'-ThiodiPropionic acid",111-17-1,X1006041-6
NC(C=CN=C1)=C1N,C5H7N3,109.12918,"3,4-Diaminopyridine",54-96-6,X1006043-0
ClC1=CC(Cl)=CC(O)=C1,C6H4Cl2O,163.00136,"3,5-DICHLOROPHENOL",591-35-5,X1006053-6
O=C(C1=CC(N)=CC=C1)O,C7H7NO2,137.13598,"m-Aminobenzoic acid",99-05-8,X1006061-8
NC1=CC=CN=C1,C5H6N2,94.11454,3-AMINOPYRIDINE,462-08-8,X1006063-2
O=CC1=CC(Cl)=CC=C1,C7H5ClO,140.567,3-CHLOROBENZALDEHYDE,587-04-2,X1006071-4
NCC1=CC(Cl)=CC=C1,C7H8ClN,141.59812,3-CHLOROBENZYLAMINE,4152-90-3,X1006073-8
OC1=CC=CC(NC2=CC=CC=C2)=C1,C12H11NO,185.22184,3-HYDROXYDIPHENYLAMINE,101-18-8,X1006081-0
NCCC1=CC(O)=C(O)C=C1.Cl[H],C8H12ClNO2,189.63938,"3-HYDROXYTYRAMINE HYDROCHLORIDE",62-31-7,X1006083-4
O=S(C1=CC([N+]([O-])=O)=CC=C1)(Cl)=O,C6H4ClNO4S,221.61826,"3-NITROBENZENESULFONYL CHLORIDE",121-51-7,X1006091-6
NCCCC1=CC=CC=C1,C9H13N,135.20622,3-PHENYLPROPYLAMINE,2038-57-5,X1006101-7
NCC1=CC=CN=C1,C6H8N2,108.14112,3-PICOLYLAMINE,3731-52-0,X1006103-1
O=[N+](C1=CC=C(C2=CC(C)=NC=C2)C=C1)[O-],C12H10N2O2,214.22,4-(p-Nitrobenzyl)pyridine,1083-48-3,X1006111-3
CC(C1=CC=C(O)C=C1)(C2=CC=CC=C2)C,C15H16O,212.28694,4-CUMYLPHENOL,599-64-4,X1006113-7
O=S(C1=CC=C(Br)C=C1)(Cl)=O,C6H4BrClO2S,255.51676,"4-Bromobenzenesulfonyl chloride",98-58-8,X1006121-9
BrC1=CC=C(C2=CC=CC=C2)C=C1,C12H9Br,233.10386,4-BROMOBIPHENYL,92-66-0,X1006123-3
ClC1CCN(C)CC1.[H]Cl,C6H13Cl2N,170.08012,"4-CHLORO-1-METHYLPIPERIDINE    HYDROCHLORIDE",5382-23-0,X1006131-5
O=C(C(C=CC(Cl)=C1)=C1[N+]([O-])=O)O,C7H4ClNO4,201.56396,"4-CHLORO-2-NITROBENZOIC ACID",6280-88-2,X1006133-9
NCC1=CC=C(Cl)C=C1,C7H8ClN,141.59812,4-CHLOROBENZYLAMINE,104-86-9,X1006141-1
CCOC1=CC=C(O)C=C1,C8H10O2,138.1638,4-ETHOXYPHENOL,622-62-8,X1006143-5
OC1=CC=C(C=C1)NC2=CC=CC=C2,C12H11NO,185.22184,4-HYDROXYDIPHENYLAMINE,122-37-2,X1006151-7
IC1=CC=C(N)C=C1,C6H6IN,219.02301,4-IODOANILINE,540-37-4,X1006153-1
O=C(C1=CC=CC=C1)C2=CC=C([N+]([O-])=O)C=C2,C13H9NO3,227.21546,4-NITROBENZOPHENONE,1144-74-7,X1006161-3
OC(C=CC1=CC=C([N+]([O-])=O)C=C1)=O,C9H7NO4,193.15618,"TRANS-4-NITROCINNAMIC ACID",619-89-6,X1006163-7
CCCC(O)CCCCC,C9H20O,144.2545,4-NONANOL,5932-79-6,X1006171-9
CCCC#CCCC,C8H14,110.19676,4-OCTYNE,1942-45-6,X1006173-3
CC(C)(C1=CC=C(O)C=C1)CC(C)(C)C,C14H22O,206.32388,4-TERT-OCTYLPHENOL,140-66-9,X1006181-5
CC(C(N1)=O)(NC1=O)C,C5H8N2O2,128.12922,"5,5-DIMETHYLHYDANTOIN",77-71-4,X1006183-9
NC(N=C(O)N=C1)=C1F,C4H4FN3O,129.0924632,5-Fluorocytosine,2022-85-7,X1006191-1
[O-][N+](C1=CC(N=NN2)=C2C=C1)=O,C6H4N4O2,164.12156,5-Nitrobenzotriazole,2338-12-7,X1006193-5
C1(NCC2=CC=CC=C2)=C(N=CN3)C3=NC=N1,C12H11N5,225.24924,6-Benzylaminopurine-8-14C,1214-39-7,X1006204-3
CC(C)=NNC(N)=S,C4H9N3S,131.19936,"ACETONE THIOSEMICARBAZONE",1752-30-3,X1006214-9
CC(/C=C(C)\[O-])=O.[O-]/C(C)=C\C(C)=O.[H]O[H].[H]O[H].[Ni+2],C10H18NiO6,292.93972,"NICKEL(II) ACETYLACETONATE",3264-82-2,X1006232-7
CC(/C=C(C)\[O-])=O.[O-]/C(C)=C\C(C)=O.[H]O[H].[Zn+2],C10H16O5Zn,281.62104,"ZINC ACETYLACETONATE HYDRATE",26151-50-8,X1178264-0
CN(C1=CC(N=C(C=C(N(C)C)C=C2)C2=C3)=C3C=C1)C.[Zn]Cl,C17H19ClN3Zn,366.19586,"ACRIDINE ORANGE",494-38-2,X1008784-4
CC1=CC(C=C(C=C(C)C(N)=C2)C2=N3)=C3C=C1N.[H]Cl,C15H16ClN3,273.76064,"ACRIDINE YELLOW G (C.I. 46025)",135-49-9,X1006244-7
NC1=NC=NC2=C1N=CN2[C@@]3([H])[C@@](O)([H])[C@@](O)([H])[C@](COP(O)(O)=O)([H])O3,C10H14N5O7P,347.221221,"Adenine 9-.beta.-D-arabinofuranoside 5'-monophosph",,
O=C(OCC=C)C=CC1=CC=CC=C1,C12H12O2,188.22248,"ALLYL CINNAMATE",1866-31-5,X1006265-6
OC(CS)CO,C3H8O2S,108.15942,Monothioglycerol,96-27-5,X1006277-6
[Al]#B,AlB,37.792538,"ALUMINUM DIBORIDE",12041-50-8,X1006280-3
CC(CC)O[Al](OC(C)CC)OC(C)CC,C12H27AlO3,246.322518,"ALUMINUM SEC-BUTOXIDE",2269-22-9,X1006291-6
N=C(N)NN.[H]Cl,CH7ClN4,110.54608,"Aminoguanidine Hydrochloride",1937-19-5,X1006301-7
O=S(CN)(O)=O,CH5NO3S,111.1203,"AMINOMETHANESULFONIC ACID",13881-91-9,X1006303-1
[O-]C(CCCCCCC/C=C\CCCCCCCC)=O.[NH4+],C18H37NO2,299.49188,"AMMONIUM OLEATE",544-60-5,X1006314-4
O=C(C1=C2C=CC(O)=C1)C(C=CC(O)=C3)=C3C2=O,C14H8O4,240.21092,"2,6-DIHYROXY-9,10-ANTHRAQUINONE",84-60-6,X1006331-5
I[Sb](I)I,I3Sb,502.47341,"ANTIMONY(III) IODIDE",7790-44-5,X1006333-9
[H]O[H].[H]O[H].[Ba+2].[Br-].[Br-],BaBr2H4O2,333.16556,"Barium bromide Dihydrate",7791-28-8,X1006343-5
O=[Cr]([O-])([O-])=O.[Ba+2],BaCrO4,253.3207,"BARIUM CHROMATE",10294-40-3,X1006345-9
[O-][Se](=O)([O-])=O.[Ba+2],BaO4Se,280.2846,"BARIUM SELENATER(VI)",7787-41-9,X1006353-1
O=C([O-])CCCCCCCCCCCCCCCCC.O=C([O-])CCCCCCCCCCCCCCCCC.[Ba+2],C36H70BaO4,704.2656,"BARIUM STEARATE",6865-35-6,X1006355-5
N=C(C1=CC=CC=C1)N.[H]Cl,C7H9ClN2,156.61276,"Benzamidine Hydrochloride: Hydrate",1670-14-0,X1006366-8
NS(=O)(C1=CC=CC=C1)=O,C6H7NO2S,157.19028,BENZENESULFONAMIDE,98-10-2,X1006369-9
C1(C=CC=C2)=C2SC=C1,C8H6S,134.19824,1-BENZOTHIOPHENE,95-15-8,X1006377-1
O=COCC1=CC=CC=C1,C8H8O2,136.14792,"BENZYL FORMATE",104-57-4,X1006379-5
C[N+](C)(C)CC1=CC=CC=C1.[OH-],C10H17NO,167.24808,"BENZYLTRIMETHYLAMMONIUM HYDROXIDESOL.",100-85-6,X1006387-7
C[N+](C)(C)CC([O-])=O,C5H11NO2,117.14634,"Betaine Anhydrous",107-43-7,X1006403-6
Br[Bi](Br)Br,BiBr3,448.69238,"BISMUTH(III) BROMIDE",7787-58-8,X1006411-8
CCOCC.FB(F)F,C4H10BF3O,141.9278096,"Boron trifluoride diethyl etherate",109-63-7,X1006422-1
[O-]C(C1=CC2=CC=CC=C2C(N=NC3=CC=C(C)C=C3S([O-])(=O)=O)=C1O)=O.[Ca+2],C18H12CaN2O6S,424.44068,"Lithol Rubin BCA",5281-04-9,X1006424-5
[Cd+2].[Cd+2].[Cd+2].[P-3].[P-3],Cd3P2,399.180522,"CADMIUM PHOSPHIDE",12014-28-7,X1006433-4
O=C([O-])CCCCCCCCCCCCCCCCC.O=C([O-])CCCCCCCCCCCCCCCCC.[Cd+2],C36H70CdO4,679.3496,"CADMIUM STEARATE",2223-93-0,X1006435-8
O=I([O-])=O.O=I([O-])=O.[Ca+2],CaI2O6,389.88334,"Calcium iodate Monohydrate",7789-80-2,X1006444-7
CC(O)C([O-])=O.CC(O)C([O-])=O.[Ca+2],C6H10CaO6,218.218,"CALCIUM L-LACTATE HYDRATE",814-80-2,X1006446-1
O=P([O-])([O-])[O-].O=P([O-])([O-])[O-].[Ca+2].[Ca+2].[Ca+2],Ca3O8P2,310.176722,"Calcium phosphate Tribasic",7758-87-4,X1006452-9
C[N+](C)(C)CCOC(N)=O.[Cl-],C6H15ClN2O2,182.6485,"Carbamylcholine chloride",51-83-2,X1006468-7
O=S([O-])([O-])=O.[O-]S(=O)([O-])=O.[O-]S(=O)([O-])=O.[Ce+3].[Ce+3],Ce2O12S3,568.4198,"CERIUM(III) SULFATE",13454-94-9,X1006483-4
O=[Cr]([O-])([O-])=O.[Cs+].[Cs+],CrCs2O4,381.8046,"CESIUM CHROMATE",56320-90-2,X1006491-6
[H]O[H].[Cs+].[OH-],CsH3O2,167.92807,"Cesium hydroxide Monohydrate",35103-79-8,X1006493-0
O=C(C1=CC=CC=C1)/C=C/C2=CC=CC=C2,C15H12O,208.25518,BENZALACETOPHENONE,94-41-7,X1006502-4
O=C(CCl)OC(CCl)=O,C4H4Cl2O3,170.97876,"Chloroacetic anhydride",541-88-8,X1006506-2
ClC1=C(C(Cl)=CC=C1S([O-])(=O)=O)/C(C2=CC(C([O-])=O)=C(O)C(C)=C2)=C(C=C(C)C3=O)/C=C3C([O-])=O.[Na+].[Na+].[Na+],C23H13Cl2Na3O9S,605.28423,"Celestine blue",1562-90-9,X1030172-1
OC(C=CC1=CC=CC=C1)=O,C9H8O2,148.15862,"trans-Cinnamic acid",140-10-3,X1006525-7
O=C1OC([C@H]2CCCC[C@H]21)=O,C8H10O3,154.1632,"CIS-HEXAHYDROPHTHALIC ANHYDRIDE",13149-00-3,X1006529-5
[Co+2].[Cl-].[Cl-],Cl2Co,129.8392,"COBALTOUS CHLORIDE ANHYDROUS",7646-79-9,X1006542-8
O=P([O-])([O-])[O-].O=P([O-])([O-])[O-].[H]O[H].[H]O[H].[H]O[H].[H]O[H].[H]O[H].[H]O[H].[H]O[H].[H]O[H].[Co+2].[Co+2].[Co+2],Co3H16O16P2,510.864562,"Cobalt (II) phosphate",13455-36-2,X1006551-7
[Cu+2].[Cu+2].[Cu+2].[P-3].[P-3],Cu3P2,252.585522,"CUPRIC PHOSPHIDE, LUMP, Cu3P",12019-57-7,X1006564-4
[Cu+].[I-],CuI,190.45047,COPPER(I)-IODIDE,7681-65-4,X1006566-8
[H]O[H].[H]O[H].[Cl-].[Cu+2].[Cl-],Cl2CuH4O2,170.48256,"Cupric chloride Dihydrate",10125-13-0,X1006573-3
OC(CCCCCCC(O)=O)=O,C8H14O4,174.19436,"Suberic acid",505-48-6,X1006586-0
O=C(C(C=C1)=COC1=O)O,C6H4O4,140.09356,"COUMALIC ACID",500-05-0,X1006588-4
NC1CCCCC1.[H]Br,C6H14BrN,180.08606,"CYCLOHEXYLAMINE HYDROBROMIDE",26227-54-3,X1006597-3
O=C1[C@H](O)[C@@H](O)[C@H](O)[C@@H](CO)O1,C6H10O6,178.14,"D-Gluconic acid lactone",90-80-2,X1006607-4
O[C@H]1[C@H](O)[C@@H](CO)O[C@H](O[C@H]2[C@@H](O)[C@H](O)[C@@H](O)[C@H](CO)O2)[C@@H]1O,C12H22O11,342.29648,".beta.,.beta.-Trehalose",99-20-7,X1006609-8
OC[C@H](O)C(O)[C@@H](O)CO,C5H12O5,152.14578,D-(+)-Arabitol,488-82-4,X1006617-0
[H]Cl.O=C(O)[C@H](N)CC1=CNC=N1,C6H10ClN3O2,191.6155,"D-Histidine Monohydrochloride Monohydrate",6341-24-8,X1006627-6
[2H]Cl,ClD,37.467101778,"Deuterium chloride",7698-05-7,X1006638-9
O=C(OCC(CC)CCCC)/C=C\C(OCC(CC)CCCC)=O,C20H36O4,340.49744,"BIS(2-ETHYLHEXYL) FUMARATE",142-16-5,X1006640-9
C=CCNCC=C.[H]Cl,C6H12ClN,133.61918,"Diallylamine hydrochloride",6147-66-6,X1006658-1
C1(CNCC2=CC=CC=C2)=CC=CC=C1,C14H15N,197.2756,DIBENZYLAMINE,103-49-1,X1006660-1
CCOC([C@H](O)[C@@H](O)C(OCC)=O)=O,C8H14O6,206.19316,"(+)-DIETHYL L-TARTRATE",87-91-2,X1006669-4
OC(CO)COCC(O)CO,C6H14O5,166.17236,DIGLYCEROL,627-82-7,X1006680-3
CC(C)CCNCCC(C)C,C10H23N,157.29632,DIISOAMYLAMINE,544-00-3,X1006682-7
O=C(OCCCCCCCC)/C=C/C(OCCCCCCCC)=O,C20H36O4,340.49744,"BUT-2-ENEDIOIC ACID DIOCTYL ESTER",2915-53-9,X1006695-4
O=C(NNC1=CC=CC=C1)NNC2=CC=CC=C2.O=C(/N=N/C3=CC=CC=C3)NNC4=CC=CC=C4,C26H26N8O2,482.53704,DIPHENYLCARBAZONE,10329-15-4,X1006704-8
O=C(O)[C@H](N)CCC,C5H11NO2,117.14634,DL-Norvaline,760-78-1,X1006712-0
C[N+](C)(C)CC(O)CC([O-])=O.[H]Cl,C7H16ClNO3,197.65984,"DL-Carnitine Hydrochloride",461-05-2,X1006721-9
O=C(O)C(N)CC1=CC(O)=C(O)C=C1,C9H11NO4,197.18794,"DL-3,4-Dihydroxyphenylalanine",63-84-3,X1006724-0
[Er],Er,167.259,"ERBIUM  POWDER",7440-52-0,X1006753-1
CCCCCCCC/C=C\CCCCCCCCCCCC(O)=O,C22H42O2,338.56768,"Erucic acid (C22:1, cis-13)",112-86-7,X1006763-7
O=C(NC)OC1=CC=C(N(C)C2[C@@]3(C)CCN2C)C3=C1.OS(O)(=O)=O.O=C(NC)OC4=CC=C(N(C)C5[C@@]6(C)CCN5C)C6=C4,C30H44N6O8S,648.77076,"Eserine Hemisulfate Salt",64-47-1,X1006766-8
O=C(OCC)NC,C4H9NO2,103.11976,"Methyl carbamate",598-55-0,X1005483-0
O=C(C1=CC=CN=C1)OCC,C8H9NO2,151.16256,"Nicotinic acid ethyl ester",614-18-6,X1006776-4
O=C(CS)OCC,C4H8O2S,120.17012,"Ethyl 2-mercaptoacetate",623-51-8,X1006784-6
CCOC=C,C4H8O,72.10572,"ETHYL VINYL ETHER",109-92-2,X1006786-0
OCCC#N,C3H5NO,71.0779,2-Cyanoethanol,109-78-4,X1006794-2
SCCS,C2H6S2,94.19904,"1,2-ETHANEDITHIOL",540-63-6,X1006796-6
[F-].[Eu+3].[F-].[F-],EuF3,208.9592096,"EUROPIUM(III) FLUORIDE",13765-25-8,X1006815-6
O=C1CCCCO1,C5H8O2,100.11582,DELTA-VALEROLACTONE,542-28-9,X1006817-0
O=C1OC2(C3=C(OC4=C2C=C(I)C([O-])=C4I)C(I)=C([O-])C(I)=C3)C5=C1C(Cl)=C(Cl)C(Cl)=C5Cl.[Na+].[Na+],C20H2Cl4I4Na2O5,1017.6363,"Rose bengal Sodium Salt",632-69-9,X1006831-0
O=C1OC2(C(C=CC(O)=C3O)=C3OC4=C2C=CC(O)=C4O)C5=C1C=CC=C5,C20H12O7,364.30508,Gallein,2103-64-2,X1006842-3
O=C(C1=CC(C(O)=C2OC3=C(N=C21)C=CC(N(C)C)=C3)=O)O,C15H12N2O5,300.26618,7-DIMETHYLAMINO-4-HYDROXY-3-OXO-3H-PHENOXAZINE-1-C,,
O=[Ge]=O,GeO2,104.6388,"GERMANIUM(IV) OXIDE",1310-53-8,X1006862-5
CC12C(CCC3(C4CCC5CC4(C(C(O)=O)C23)CC5=C)OC1=O)O,C19H24O5,332.39086,"Gibberellin A4 Free acid",468-44-0,X1006864-9
O=C(N[C@@H](CS)C(NCC(O)=O)=O)CC[C@@H](C(O)=O)N,C10H17N3O6S,307.32348,"Glutathione, Reduced form Free Acid",70-18-8,X1006874-5
O=C(OCC(O)CO)CCCCCCCCCCCCCCC,C19H38O4,330.50262,Monopalmitin,542-44-9,X1006877-6
OC([C@@H](NC(CN)=O)CC(C)C)=O,C8H16N2O3,188.22424,Gly-Leu,869-19-2,X1006885-8
[C-]#N.[Au+],CAuN,222.98395,"GOLD(I) CYANIDE",506-65-0,X1006887-2
[H][C@@]([C@]([C@]([C@]1([H])N2C=NC(C(N3)=O)=C2N=C3N)(O)[H])(O)[H])(O1)COP([O-])([O-])=O.[Na+].[Na+],C10H12N5Na2O8P,407.184281,"Guanosine 5'-monophosphate Disodium salt",5550-12-9,X1006896-1
NC(NC(N)=O)=N.NC(NC(N)=O)=N.O=S(O)(O)=O,C4H14N8O6S,302.26896,"Guanylurea sulfate",591-01-5,X1006898-5
CC1=C(NC2=CC(OC)=CC=C32)C3=CC=N1,C13H12N2O,212.24718,"Harmine Free base",442-51-3,X1006907-9
OCC1=CC(OCO2)=C2C=C1,C8H8O3,152.14732,"PIPERONYL ALCOHOL",495-76-1,X1006909-3
ClCCCCCCO,C6H13ClO,136.61982,6-CHLORO-1-HEXANOL,2009-83-8,X1006917-5
O=C(C1=CC=CC=C1)NCC(O)=O,C9H9NO3,179.17266,"Hippuric acid Free Acid",495-69-2,X1006920-2
[O-2].[O-2].[O-2].[Ho+3].[Ho+3],Ho2O3,377.85884,"Holmium oxide",39455-61-3,X1006928-8
CN1C2CCC1CC(OC(C(O)C3=CC=CC=C3)=O)C2.[H]Br,C16H22BrNO3,356.25478,"DL-Homatropine Hydrobromide",51-56-9,X1006930-8
OC(C1=O)(C(C(O)(C2=CC=CC=C32)O)(C3=O)O)C(O)(C4=CC=CC=C14)O,C18H14O8,358.29896,"HYDRINDANTIN DIHYDRATE FOR THE STEIN- MOORE-CHROMA",,
[H]O[H].[H]O[H].[H]O[H].[H]O[H].[Cl-].[In+3].[Cl-].[Cl-],Cl3H8InO4,293.23812,"INDIUM(III) CHLORIDE TETRAHYDRATE",22519-64-8,X1006952-4
[OH-].[In+3].[OH-].[OH-],H3InO3,165.84002,"INDIUM(III) HYDROXIDE",20661-21-6,X1006954-8
OC1=NC=NC2=C1N=CN2[C@@]3([H])[C@@](O)([H])[C@@](O)([H])[C@](CO)([H])O3,C10H12N4O5,268.22608,Inosine,58-63-9,X1006962-0
IBr,BrI,206.80847,"HANUS SOLUTION",7789-33-5,X1006964-4
[Fe]#N,FeN,69.8517,"Iron nitride",12023-20-0,X1006975-7
CC(C)CCS,C5H12S,104.21378,3-METHYL-1-BUTANETHIOL,541-31-1,X1006988-4
CC(C)CCOC=O,C6H12O2,116.15828,"ISOAMYL FORMATE",110-45-2,X1006996-6
CC(C)CCI,C5H11I,198.04531,1-IODO-3-METHYLBUTANE,541-28-6,X1006998-0
O=C(C1=CC=CC=C1)C(C)C,C10H12O,148.20168,ISOBUTYROPHENONE,611-70-1,X1007008-5
O=COC(C)C,C4H8O2,88.10512,"ISOPROPYL FORMATE",625-55-8,X1007017-4
C=C(CC1=O)C(O1)=O,C5H4O3,112.08346,"ITACONIC ANHYDRIDE",2170-03-8,X1007029-4
O[C@@]1(CO)[C@@H](O)[C@H](O)[C@@H](O)CO1,C6H12O6,180.15588,L(-)sorbose,87-79-6,X1007039-0
C=CCCCCCCCC,C10H20,140.2658,1-Decene,872-05-9,X1007049-6
CCN1CCCCC1,C7H15N,113.2007,1-ETHYLPIPERIDINE,766-09-6,X1007051-6
O=C(O)[C@@H](N)CCC,C5H11NO2,117.14634,L-Norvaline,6600-40-4,X1007059-2
O=C([C@@H]1CCCN1)O,C5H9NO2,115.13046,L-Proline,147-85-3,X1007061-2
[O-]S(C1=CC=CC(S([O-])(=O)=O)=C1)(=O)=O.[Na+].[Na+],C6H4Na2O6S2,282.2019,"BENZENE-1,3-DISULFONIC ACID DISODIUM SALT",831-59-4,X1007069-8
IC1=CC(N)=CC=C1,C6H6IN,219.02301,3-IODOANILINE,626-01-7,X1007071-8
O=C(C1=CC(C)=CC=C1)O,C8H8O2,136.14792,"M-TOLUIC ACID",99-04-7,X1007079-4
O=C(O)CC1=CC(C)=CC=C1,C9H10O2,150.1745,"m-Tolylacetic acid",621-36-3,X1007081-4
CN(CCCN)CCCN,C7H19N3,145.24586,"3,3'-DIAMINO-N-METHYLDIPROPYLAMINE",105-83-9,X1007089-0
CC(C)N(C)C,C5H13N,87.16342,"N,N-DIMETHYLISOPROPYLAMINE",996-35-0,X1007101-1
O=C(NC1=C(C=CC=C2)C2=CC=C1)C,C12H11NO,185.22184,N-Acetyl-1-naphthylamine,575-36-0,X1007109-7
O=C(O)C(NC(C)=O)CC1=CNC2=C1C=CC=C2,C13H14N2O3,246.26186,N-Acetyl-DL-tryptophan,87-32-1,X1007111-7
CCCCCC(OCCCCC)=O,C11H22O2,186.29118,"AMYL CAPROATE",540-07-8,X1007119-3
CCCCCC1=CC=CC=C1,C11H16,148.24474,N-PENTYLBENZENE,538-68-1,X1007121-3
O=C(OCCCC)CCCCCCC,C12H24O2,200.31776,"Caprylic acid n-butyl ester",589-75-3,X1007129-9
O=C(CC)OCCCC,C7H14O2,130.18486,"BUTYL PROPIONATE",590-01-2,X1007131-9
ClN(C1=O)C(CC1)=O,C4H4ClNO2,133.53306,N-CHLOROSUCCINIMIDE,128-09-6,X1007139-5
CCCCCCCCCCS,C10H22S,174.34668,1-DECANETHIOL,143-10-2,X1007141-5
CC(C)NCC,C5H13N,87.16342,N-ETHYLISOPROPYLAMINE,19961-27-4,X1007151-1
CCCCCCCCCCCCCCCCC,C17H36,240.46774,N-HEPTADECANE,629-78-7,X1007159-7
CCCCCCCO,C7H16O,116.20134,1-Heptanol,111-70-6,X1007161-7
O=C(N1O)C(C2CC3C=C2)C3C1=O,C9H9NO3,179.17266,"N-HYDROXY-5-NORBORNENE-2,3-DICARBOXYLIC  ACID IMID",,
CCCCCCCCCCCCCCCCCCC,C19H40,268.5209,Nonadecane,629-92-5,X1007179-9
CCCCCCCCC(O)=O,C9H18O2,158.23802,"Nonanoic acid Free Acid",112-05-0,X1007181-9
CCCCCCCCCCCCCCCCCCCCCCCCC,C25H52,352.68038,n-Pentacosane,629-99-2,X1007189-5
O=C(O)CCCCCCCCCCCCCC,C15H30O2,242.3975,"Pentadecanoic acid",1002-84-2,X1007191-5
OCCCN.[H]Cl,C3H10ClNO,111.5706,"3-Amino-1-propanol Hydrochloride",14302-46-6,X1007199-1
O=C(OCCC)C(C)C,C7H14O2,130.18486,"Isobutyric Acid n-Propyl Ester",644-49-5,X1007201-6
CCCCCCCCCCCCCCCCCCCCCCCCCCCCCC,C30H62,422.81328,n-Triacontane,638-68-6,X1007209-2
CCCCCCCCCCCCC,C13H28,184.36142,N-TRIDECANE,629-50-5,X1007211-2
O=C1C(C(O)=CC(O)=C2)=C2OC(C3=CC=C(O)C=C3)C1,C15H12O5,272.25278,(.+-.)-Naringenin,480-41-1,X1007220-1
O=S(OC)([O-])=O.O=C(N(C)C)OC1=CC([N+](C)(C)C)=CC=C1,C13H22N2O6S,334.38858,"Neostigmine methyl sulfate",51-60-5,X1007230-7
CCNC1=CC([S+]=C(C=C(NCC)C(C)=C2)C2=N3)=C3C=C1C,C18H22N3S+,312.45238,"NEW METHYLENE BLUE",1934-16-3,X1007232-1
O=C[O-].[O-]C=O.[Ni+2],C2H2NiO4,148.72828,"NICKEL FORMATE (OUS)",3349-06-2,X1007240-3
[Cl-].[Nb+5].[Cl-].[Cl-].[Cl-].[Cl-],Cl5Nb,270.17138,"NIOBIUM(V) CHLORIDE",10026-12-7,X1007256-1
O=C(O1)C2=C(C=CC=C2)C1(C3=CC(C)=C(O)C=C3)C4=CC=C(O)C(C)=C4,C22H18O4,346.37592,O-CRESOLPHTHALEIN,596-27-0,X1007266-7
CC(C=CC=C1)=C1I,C7H7I,218.03495,2-IODOTOLUENE,615-37-2,X1007268-1
O=C(O)CC(C=CC=C1)=C1C,C9H10O2,150.1745,"o-Tolylacetic acid",644-36-0,X1007276-3
NC(C(N)=O)=O,C2H4N2O2,88.06536,OXAMIDE,471-46-5,X1007297-2
O=C(C1=CC=C(CN)C=C1)O,C8H9NO2,151.16256,"4-(AMINOMETHYL)BENZOIC ACID",56-91-7,X1007307-3
NC1=CC=C(N)C=C1.OS(O)(=O)=O,C6H10N2O4S,206.2196,"p-Phenylenediamine sulfate",16245-77-5,X1007317-9
O=C(O)CC1=CC=C(C)C=C1,C9H10O2,150.1745,"p-Tolylacetic acid",622-47-9,X1007325-1
Cl[Pd]Cl.Cl[Na].Cl[Na],Cl4Na2Pd,294.21154,"SODIUM TETRACHLOROPALLADATE(II)",13820-53-6,X1007335-7
ClCCC1=CC=CC=C1,C8H9Cl,140.61006,(2-CHLOROETHYL)BENZENE,622-24-2,X1007349-1
OC(C1=C(C(C2=CC=C(O)C=C2)C3=CC=C(O)C=C3)C=CC=C1)=O,C20H16O4,320.33864,"2-(BIS-(4-HYDROXY-PHENYL)-METHYL)-BENZOIC ACID",81-90-3,X1007351-1
NNC1=CC=CC=C1.OS(O)(=O)=O,C6H10N2O4S,206.2196,"Phenylhydrazine Sulfate",52033-74-6,X1007359-7
OC1=C(C2=CC=CC=C2)C=C(O)C=C1,C12H10O2,186.2066,2-PHENYLHYDROQUINONE,1079-21-6,X1007361-7
C[N+](C)(C1=CC=CC=C1)C.[I-],C9H14IN,263.11863,"PHENYLTRIMETHYLAMMONIUM IODIDE",98-04-4,X1007369-3
NC(NC1=CC=CC=C1)=O,C7H8N2O,136.15122,N-PHENYLUREA,64-10-8,X1007371-3
N12[Mg]N3C4=NC(C5=CC=CC=C65)=NC6=NC1=C(C=CC=C7)C7=C2N=C8N=C(C9=CC=CC=C89)N=C3C%10=CC=CC=C4%10,C32H16MgN8,536.82804,"MAGNESIUM PHTHALOCYANINE",1661-03-6,X1007381-9
C1(N=C2N=C(C3=CC=CC=C23)N=C(C4=CC=CC=C54)[N-]C5=NC(C6=CC=CC=C76)=NC7=N8)=C(C=CC=C9)C9=C8[N-]1.[Na+].[Na+],C32H16N8Na2,558.50258,"DISODIUM PHTHALOCYANINE",25476-27-1,X1007383-3
CC(C)(C)C(C)=O,C6H12O,100.15888,"3,3-DIMETHYL-2-BUTANONE",75-97-8,X1007391-5
[H]Cl.C1CCNCC1,C5H12ClN,121.60848,(PIPERIDINOMETHYL)POLYSTYRENE,6091-44-7,X1007393-9
C=CC(O)=O,C3H4O2,72.06266,"ACRYLIC ACID ANHYDROUS",9003-01-4,X1007403-0
[Pt+4].[Cl-].[Cl-].[Cl-].[Cl-].[Cl-].[Cl-].[K+].[K+],Cl6K2Pt,485.9926,"POTASSIUM HEXACHLOROPLATINATE(IV)",16921-30-5,X1007420-1
F[Ti](F)(F)F.[F-].[F-].[K+].[K+],F6K2Ti,240.0540192,"POTASSIUM HEXAFLUOROTITANATE(IV)",16919-27-0,X1007422-5
O[Sb-](O)(O)(O)(O)O.[K+],H6KO6Sb,262.90234,"POTASSIUM HEXAHYDROXOANTIMONATE(V)",12208-13-8,X1007430-7
[O-][Si]([O-])([O-])[O-].[K+].[K+].[K+].[K+],K4O4Si,248.4763,"Potassium Silicate, Aqueous So Ln. - Density 29.8",,
[Pr],Pr,140.90765,PRASEODYMIUM,7440-10-0,X1007440-3
[H]Br.C1=CC=CC=N1,C5H6BrN,160.01184,"PYRIDINE HYDROBROMIDE",18820-82-1,X1007453-0
O=P(O)(O)OCC(C=NC(C)=C1O)=C1C=O,C8H10NO6P,247.141861,"Pyridoxal 5-phosphate",41468-25-1,X1007455-4
CC[N+]1=C(C=CC=C2)C2=CC=C1/C=C/C3=CC=C(N(C)C)C=C3.[I-],C21H23IN2,430.32519,"QUINALDINE RED",117-92-0,X1007463-6
CC(C)CCN(C=C1)C2=C(C=CC=C2)C1=CC3=CC=[N+](CCC(C)C)C4=C3C=CC=C4.[I-],C29H35IN2,538.50607,Cyanine,523-42-2,X1007468-1
[Cl-].[Re+3].[Cl-].[Cl-],Cl3Re,292.566,"RHENIUM(III) CHLORIDE",13569-63-6,X1007476-3
[Cl-].[Rh+3].[Cl-].[Cl-],Cl3Rh,209.2645,"RHODIUM(III) CHLORIDE",10049-07-7,X1007478-7
O=C([O-])[O-].[Rb+].[Rb+],CO3Rb2,230.9445,"RUBIDIUM CARBONATE",584-09-8,X1007487-6
[I-].[Ru+3].[I-].[I-],I3Ru,481.78341,"RUTHENIUM(III) IODIDE",13896-65-6,X1007499-6
O=[Ru]=O,O2Ru,133.0688,"RUTHENIUM(IV) OXIDE",12036-10-1,X1007501-1
CNCC(O)=O,C3H7NO2,89.09318,"Sarcosine Free Base",107-97-1,X1007511-7
OC(CCCCCCCCC(O)=O)=O,C10H18O4,202.24752,"Sebacic acid",111-20-6,X1007519-3
CC(S)CC,C4H10S,90.1872,2-BUTANETHIOL,513-53-1,X1007521-3
O=C([O-])[O-].[Ag+].[Ag+],CAg2O3,275.7453,"Silver carbonate",534-16-7,X1007529-9
[S-]C#N.[Ag+],CAgNS,165.9506,"SILVER THIOCYANATE",1701-93-5,X1007541-5
O[C@@H]([C@H](O)[C@@H]1O)[C@H](O[C@H]1O)C([O-])=O.[Na+],C6H9NaO7,216.12123,"Alginic acid Sodium Salt",9005-38-3,X1007542-2
[O-][N+]([Co]([N+]([O-])=O)([N+]([O-])=O)([N+]([O-])=O)([N+]([O-])=O)[N+]([O-])=O)=O.[Na].[Na].[Na],CoN6Na3O12,403.93551,"Sodium cobaltinitrite",14649-73-1,X1000110-2
CC([C@H](O)C(NCCC([O-])=O)=O)(CO)C.[Na+],C9H16NNaO5,241.21681,"D-Pantothenic acid Sodium Salt",867-81-2,X1007551-1
OP(O)([O-])=O.[H]O[H].[H]O[H].[Na+],H6NaO6P,156.007571,"SODIUM DIHYDROGEN PHOSPHATE DIHYDRATE",13472-35-0,X1007553-5
O=C(CC([O-])=O)[O-].[Na+].[Na+],C3H2Na2O4,148.02512,"Malonic acid Disodium salt",141-95-7,X1007563-1
CCCCCCCCC([O-])=O.[Na+],C9H17NaO2,180.21985,"Pelargonic Acid Sodium Salt",14047-60-0,X1007573-7
C\C(CCC=C(C)C)=C/CC/C(C)=C/CC\C=C(C)/CC/C=C(C)/CCC=C(C)C,C30H50,410.718,Squalene,111-02-4,X1007602-3
BrCCCCCCCCCCCCCCCCCC,C18H37Br,333.39038,"Stearyl bromide",112-89-0,X1007604-7
[Sr]=O,OSr,103.6194,"STRONTIUM OXIDE",1314-11-0,X1007613-6
[Sr]=S,SSr,119.685,"STRONTIUM SULFIDE",1314-96-1,X1007615-0
CC1(C)NC2=C3C(C=CC=C3N1)=C(C=C2)/N=N/C4=C(C=CC=C5)C5=C(/N=N/C6=CC=CC=C6)C=C4,C29H24N6,456.54106,"Sudan Black B",4197-25-5,X1007624-9
[Cl-].[Ta+5].[Cl-].[Cl-].[Cl-].[Cl-],Cl5Ta,358.2129,"TANTALUM(V) CHLORIDE",7721-01-9,X1007627-0
N#CC1=CC=C(C#N)C=C1,C8H4N2,128.13076,TEREPHTHALONITRILE,623-26-7,X1007638-3
[O-]S(CCNC(CO)(CO)CO)(=O)=O.[Na+],C6H14NNaO6S,251.23323,"TES Hemisodium Salt",70331-82-7,X1007646-5
CCCC[Sn](CCCC)(CCCC)CCCC,C16H36Sn,347.16704,TETRABUTYLTIN,1461-25-2,X1007648-9
C[N+](C)(C)C.[I-],C4H12IN,201.04925,"TETRAMETHYLAMMONIUM IODIDE",75-58-1,X1007656-1
[O-][N+](C1=CC=C(N2N=C(C3=CC=C([N+]([O-])=O)C=C3)N=[N+]2C(C=CC(C4=CC(OC)=C([N+]5=NC(C6=CC=C([N+]([O-])=O)C=C6)=NN5C7=CC=C([N+]([O-])=O)C=C7)C=C4)=C8)=C8OC)C=C1)=O,C40H28N12O10+2,836.72472,"TETRA NITRO BLUE TETRAZOLIUM CHLORIDE",42798-98-1,X1007658-5
CSC1=CC=CC=C1,C7H8S,124.20342,Thioanisole,100-68-5,X1007666-7
SC(C(O)=O)CC(O)=O,C4H6O4S,150.15304,"Mercaptosuccinic acid",70-49-5,X1007668-1
OC1=C(C[NH+](CC(O)=O)CC([O-])=O)C(C)=C(C(C(C=CC=C2)=C2C3=O)(O3)C4=C(C)C(C[NH+](CC([O-])=O)CC(O)=O)=C(O)C(C(C)C)=C4)C=C1C(C)C,C38H44N2O12,720.76216,THYMOLPHTHALEXON,1913-93-5,X1007677-0
CCCCC(CC)C([O-])=O.CCCCC(CC)C([O-])=O.[Sn+2],C16H30O4Sn,405.117,"Stannous 2-ethylhexanoate",301-10-0,X1007679-4
O=S([O-])(C1=C(SC(C2=CC=C(/N=N/NC3=CC=C(C4=NC5=CC=C(C)C(S([O-])(=O)=O)=C5S4)C=C3)C=C2)=N6)C6=CC=C1C)=O.[Na+].[Na+],C28H19N5Na2O6S4,695.7199,"THIAZOLE YELLOW G",1829-00-1,X1007688-3
CC(C)O[Ti](OC(C)C)(OC(C)C)OC(C)C,C12H28O4Ti,284.21532,"TETRAISOPROPYL ORTHOTITANATE",546-68-9,X1007690-3
C/C(CO)=C/CNC1=C2C(NC=N2)=NC=N1,C10H13N5O,219.24312,trans-Zeatin-8-14C,1637-39-4,X1007700-4
OC(C=CCCCCCCCCC(O)=O)=O,C12H20O4,228.2848,"trans-2-Dodecenedioic acid",6402-36-4,X1007702-8
O=C(CCC)OCC(OC(CCC)=O)COC(CCC)=O,C15H26O6,302.36334,"Tributyrin (C4:0)",60-01-5,X1007705-9
NCCCCCCCCCCCCC,C13H29N,199.37606,TRIDECYLAMINE,2869-34-3,X1007713-1
C[Si](OCC)(OCC)OCC,C7H18O3Si,178.30152,METHYLTRIETHOXYSILANE,2031-67-6,X1007715-5
NCCNCCNCCN.[H]Cl.[H]Cl.[H]Cl.[H]Cl,C6H22Cl4N4,292.07768,"TRIETHYLENETETRAMINE TETRAHYDROCHLORIDE",4961-40-4,X1007723-7
CC(C)CN(CC(C)C)CC(C)C,C12H27N,185.34948,TRIISOBUTYLAMINE,1116-40-1,X1007725-1
CCC(CO)(CO)CO,C6H14O3,134.17356,"1,1,1-TRIS(HYDROXYMETHYL)PROPANE",77-99-6,X1007733-3
CCCCCCCC\C=C/CCCCCCCC(OCC(OC(CCCCCCC/C=C\CCCCCCCC)=O)COC(CCCCCCC/C=C\CCCCCCCC)=O)=O,C57H104O6,885.43206,"Triolein (C18:1,[cis]-9)",122-32-7,X1007735-7
O=C(CCCCCCCCCCCCCCCCC)OCC(COC(CCCCCCCCCCCCCCCCC)=O)OC(CCCCCCCCCCCCCCCCC)=O,C57H110O6,891.4797,"Tristearin (C18:0)",555-43-1,X1007743-9
NCCC1=CNC2=C1C=CC=C2.[H]Cl,C10H13ClN2,196.67662,"Tryptamine Hydrochloride",343-94-2,X1007745-3
NC1=CC=C(NC2=CC=C(OC)C=C2)C=C1.[H]Cl,C13H15ClN2O,250.724,"p-Amino-p'-methoxydiphenylamine Hydrochloride",3566-44-7,X1007758-0
COC1=C(OC)C=CC=C1,C8H10O2,138.1638,VERATROLE,91-16-7,X1007760-0
O=C(OC=C)C,C4H6O2,86.08924,"Vinyl acetate",108-05-4,X1267249-8
OC1=C(N=CN2[C@@]3([H])[C@@](O)([H])[C@@](O)([H])[C@](CO)([H])O3)C2=NC(O)=N1,C10H12N4O6,284.22548,Xanthosine,5968-90-1,X1032208-4
O=S(C1=CC=CC(O)=C1\N=N/C2=C3C=CC=CC3=CC(C(ONC4=CC=C(C)C=C4C)=O)=C2O)([O-])=O.[Na+],C25H20N3NaO7S,529.49697,"XYLIDYL BLUE I",14936-97-1,X1079323-6
[O-2].[O-2].[O-2].[Yb+3].[Yb+3],O3Yb2,394.0782,"YTTERBIUM OXIDE",1314-37-0,X1007782-6
[F-].[Y+3].[F-].[F-],F3Y,145.9010596,"YTTRIUM FLUORIDE",13709-49-4,X1007784-0
[H]O[H].[H]O[H].[H]O[H].[H]O[H].[Zn+2].[F-].[F-],F2H8O4Zn,175.4479264,"ZINC FLUORIDE HYDRATE",73640-07-0,X1007795-3
[Zn+2].[OH-].[OH-],H2O2Zn,99.40468,"ZINC HYDROXIDE",20427-58-1,X1007797-7
C1(C(C=C2)=CC=C3C=CC4=CC=C5)=C3C4=C5C6=C1C2=CC=C6,C22H12,276.33068,"1,12-Benzoperylene",191-24-2,X1007822-5
ClC12C3(Cl)C(Cl)(Cl)CC4C3C(CC4C([H])=O)C1C2(Cl)Cl,C12H10Cl6O,382.9252,"Endrin aldehyde",7421-93-4,X1007840-3
O=N[O-],NO2-,46.0055,"Anion Standard - Nitrite",14797-65-0,X1007850-9
NC(CC)CC1=CC(OC)=C(OC)C(OC)=C1,C13H21NO3,239.31074,"alpha-azido acetic acid methyl ester",,X1007926-8
NCCC1=CC(OC)=C(OC)C=C1,C10H15NO2,181.2316,"2-(3,4-DIMETHOXYPHENYL)ETHYLAMINE",120-20-7,X1007976-8
O=C(OC)C1(C2)C(NC3=C4C=C(OC)C=C3)=C4CCN5CC2CC(CC)C15,C22H28N2O3,368.46932,Voacangine,510-22-5,X1008078-1
CN(CCC1=CC=C2)[C@@](CC3=CC=C4O)([H])C1=C2C3=C4O.[H]Cl,C17H18ClNO2,303.78332,"S(+)-Apomorphine Hydrochloride",314-19-2,X1008102-2
[O-][N+](C1=CC=C2C(N=C(CC3=CC=C(OCC)C=C3)N2CCN(CC)CC)=C1)=O,C22H28N4O3,396.48272,"Etonitazene Hydrochloride",911-65-9,X1008117-3
O=C(CC)O[C@](CC1=CC=CC=C1)([C@H](C)CN(C)C)C2=CC=CC=C2.OS(C3=CC4=CC=CC=C4C=C3)(=O)=O,C32H37NO5S,547.70488,"Propoxyphene Napsylate",26570-10-5,X1210716-1
NC(CN1CCCC1=O)=O,C6H10N2O2,142.1558,2-(2-OXO-PYRROLIDIN-1-YL)-ACETAMIDE,7491-74-9,X1008237-0
O=C(N1)NC(C(Br)(Br)C1=O)=O,C4H2Br2N2O3,285.87828,"5,5-DIBROMOBARBITURIC ACID",511-67-1,X1008250-3
CCCCCC1=CC(O)=CC(O)=C1,C11H16O2,180.24354,OLIVETOL,500-66-3,X1008261-6
[O-][N+]1=C(C2=CC=CC=C2)C(C=C(Cl)C=C3)=C3N=C(NC)C1.[H]Cl,C16H15Cl2N3O,336.2158,"Chlordiazepoxide Hydrochloride",438-41-5,X1008286-3
C[C@@]12C(CC[C@]3([H])[C@]2([H])CC[C@@]4(C)[C@@]3([H])CC[C@@H]4OC(C)=O)=CC(C=C1)=O,C21H28O3,328.44522,"1,4-Androstadien-17-beta-acetoxy-3-one",2363-59-9,X1008295-2
ClC1=CC=C2C(C(C3=CC=CC=C3)=NCCN2C)=C1,C16H15ClN2,270.7567,Medazepam,2898-12-6,X1008320-0
NCCC1=CC(OC)=C(OC)C(OC)=C1.[H]Cl,C11H18ClNO3,247.71852,"Mescaline Hydrochloride",832-92-8,X1008322-4
C[C@@]12C(CC[C@]3([H])[C@]2([H])CC[C@@]4(C)[C@@]3([H])CC[C@@H]4OC(C)=O)=CC(CC1)=O,C21H30O3,330.4611,"TESTOSTERONE ACETATE",1045-69-8,X1008359-1
NCCC1=CC(OC)=C(O)C=C1.Cl[H],C9H14ClNO2,203.66596,"3-Methoxytyramine Hydrochloride",1477-68-5,X1008381-3
OC1=CC(CC[C@]2([H])[C@]3([H])CC[C@@]4(C)[C@@]2([H])CC[C@]4(C#C)O)=C3C=C1,C20H24O2,296.40336,17.alpha.-Ethynylestradiol,57-63-6,X1008383-7
CC(C#C)=C,C5H6,66.10114,2-METHYL-1-BUTEN-3-YNE,78-80-8,X1008391-9
CC(C)(C1=CC=C(O)C=C1)CC,C11H16O,164.24414,4-TERT-AMYLPHENOL,80-46-6,X1008394-0
CC(N(C1=CC=CC=C1)CCCC)=O,C12H17NO,191.26948,N-Butylacetanilide,91-49-6,X1008402-7
ClC1=CC(C2=CC=CC=C2)=CC=C1O,C12H9ClO,204.65226,2-CHLORO-4-PHENYLPHENOL,92-04-6,X1008404-1
CC(C)(C1=CC(Cl)=C(O)C=C1)C,C10H13ClO,184.66262,4-TERT-BUTYL-2-CHLOROPHENOL,98-28-2,X1008422-9
OCC1OC(C)(C)OC1,C6H12O3,132.15768,Solketal,100-79-8,X1008425-0
CC(CO)CCC,C6H14O,102.17476,2-METHYL-1-PENTANOL,105-30-6,X1008433-2
CCCC(OCCC)=O,C7H14O2,130.18486,"PROPYL BUTYRATE",105-66-8,X1008435-6
CC(C)CC(C)C,C7H16,100.20194,"2,4-DIMETHYLPENTANE",108-08-7,X1008443-8
O=C(OC(C)C)Cl,C4H7ClO2,122.55018,"ISOPROPYL CHLOROFORMATE SOLUTION",108-23-6,X1008445-2
CCCCOCCOCCOCCOCCOCCCC,C16H34O5,306.43816,"Tetraethylene Glycol Dibutyl Ether",112-98-1,X1008453-4
CCC(CO)(CO)CC,C7H16O2,132.20074,"2,2-DIETHYL-1,3-PROPANEDIOL",115-76-4,X1008455-8
CC(C)CC(O)CC(C)CC(C)C,C12H26O,186.33424,"2,6,8-Trimethyl-4-nonanol",123-17-1,X1008463-0
O=C(OC=C)CCC,C6H10O2,114.1424,"VINYL BUTYRATE",123-20-6,X1008465-4
CC(CO)CC,C5H12O,88.14818,2-METHYL-1-BUTANOL,137-32-6,X1008473-6
OCCN(CC)CCO,C6H15NO2,133.1888,N-ETHYLDIETHANOLAMINE,139-87-7,X1008475-0
C12=CC3=C4C(C=CC5=C4C(C=C3)=C6C(C=CC=C6)=C5)=C1C=CC=C2,C24H14,302.36796,"DIBENZO(B,DEF)CHRYSENE",189-64-0,X1008485-6
CCN1C(C=CC=C2)=C2S/C1=C/C=C/C=C/C(SC3=CC=CC=C43)=[N+]4CC.[I-],C23H23IN2S2,518.47659,"DITHIAZANINE IODIDE",514-73-8,X1008504-6
CC(OCCCl)=O,C4H7ClO2,122.55018,"Acetic Acid 2-Chloroethyl Ester",542-58-5,X1008507-7
CC(C)=C(C)C,C6H12,84.15948,"2,3-DIMETHYL-2-BUTENE",563-79-1,X1008515-9
CC(C)C(C)CCC,C8H18,114.22852,"2,3-DIMETHYL-HEXANE",584-94-1,X1008518-0
C\[N+]([O-])=N/COC(C)=O,C4H8N2O3,132.11792,"METHYLAZOXY METHANOL ACETATE",592-62-1,X1008527-9
CC(C)(Cl)CC,C5H11Cl,106.59384,2-CHLORO-2-METHYLBUTANE,594-36-5,X1008529-3
CCOCC,C4H10O,74.1216,"diethyl ether",60-29-7,X1001481-0
ClC(Cl)([H])Cl,CHCl3,119.37764,Chloroform,67-66-3,X1000035-4
ClC([H])([H])Cl,CH2Cl2,84.93258,dichloromethane,75-09-2,
O=C(C)OCC,C4H8O2,88.10512,"Ethyl acetate",75-09-2,
CC(CC)=O,C4H8O,72.10572,"Methyl ethyl ketone",78-93-3,
O=C(C)C,C3H6O,58.07914,acetone,67-64-1,X1001253-6
C1=CC=CC=C1,C6H6,78.11184,Benzene,71-43-2,X1001488-9
ClC1=C(Cl)C=CC=C1,C6H4Cl2,147.00196,"1,2-dichlorobenzene",,
ClC1=C(Cl)C=CC=C1,C6H4Cl2,147.00196,Retinal,116-31-4,
